"item_id","rating","evidence_mean","intuition_mean","EMI_score","decade_group","n","text","party","bin","starting_year","class"
1,-2.4,1.4,3.8,-2.0974271,0,5,"Hear me. my dear friend. I mean no disrespect at all.","Democrat","(-4.995, -2.779]",1881,0
2,-3.4,1,4.4,-1.1335781,0,10,"I dare the gentleman to deny it. or any one else.","Democrat","(-4.995, -2.779]",1885,0
3,-2.076923076923077,1.9230769230769231,4,-2.0922381999999997,0,13,"What I mean is to cast a veil of oblivion over the whole thing.","Democrat","(-4.995, -2.779]",1881,0
4,-1.4444444444444444,1.8888888888888888,3.3333333333333335,-1.9436134,0,9,"I alluded to someb6dy who was elected as a democrat. and who was going to vote as a republican.","Democrat","(-4.995, -2.779]",1881,0
5,-2.2,1.4,3.6,-1.0313965,0,10,"Iam pairdwithMr. MONROE. If he werepresentihe would vote ( ayi and I would vote ""no.""","Democrat","(-4.995, -2.779]",1879,0
6,-1.2222222222222223,1.8888888888888888,3.111111111111111,-0.43666703,0,9,"And I now move that the House recede from its disagreement to the Senate amendments and agree to the same.","Democrat","(-2.779, -0.572]",1883,0
7,-2.1666666666666665,1.1666666666666667,3.3333333333333335,-1.1465776,0,6,"I would like a minute or two more. [Cries of ""Go on! ""]","Democrat","(-2.779, -0.572]",1887,0
8,-1.8,1.8,3.6,-0.94170696,0,5,"if she had tendered that portpould we have objected to that ? But can we not now. since she paid us the money ?","Democrat","(-2.779, -0.572]",1881,0
9,0.7777777777777778,3.3333333333333335,2.5555555555555554,-0.9794885,0,9,"of necessity. But it was not adhered to one moment longer than the necessity existed. The system was adopted in the administration of the elder Adams. when war was expected with France. but nothing tended more to excite popular opposition to his administration than this system of taxation. except the alien and sedition acts. One of the first acts of Mr. Jeffersons administration was to wipe them from the statute book. The present system was adopted during the late lamentable war between the States. We do not now require its continuance. Tariff duties. if properly laid. will yield us an abundant revenue. These internal taxes bear much more oppressively upon the people than do import duties. I would take off the tax not only on matches. and the tax on bankchecks. and all else that is embraced in this bill. but I would if I could. as I have stated. repeal the whole system. I would abolish entirely the onerous and unjust tax on tobacco. on whisky. and on distilled and refined spirits. These are taxes which come upon the laboring masses. I would let the burdens of our Government fall elsewhere than upon the labor of the country.","Democrat","(-2.779, -0.572]",1881,1
10,-2.8,1.4,4.2,0.116348,0,5,"I gave notice several lavs :igo tict toti iy inimediately i fter the close of tim iorning busiuness. and ipon the call of business under the Anthony rute. which I understand is now the order. I should move to take up the resolution which I offered on the suiject of politiesl assessiiients. I desire now to make thatmnotion. Mr. MOIt] RLI I helpc th Senmtor will not intfere with mae this morning.","Democrat","(-2.779, -0.572]",1881,0
11,-1,2.1666666666666665,3.1666666666666665,-0.5278858000000001,0,6,"He might under the language hero hold over for half a dozen Congresses.","Democrat","(-0.572, 1.636]",1881,0
12,0.875,3.5,2.625,-0.38414872,0,8,"the outposts of civilization. planted a pioneer town in the Yakima Valley in Central Washington Territory. and called it Yakima city. Year by year they zealously guarded their isolated offspring until they saw it develop into a thriving. beautiful town. the commercial center of an exceedingly rich agricultural region. Under their progressive touch it became the largest town within a radius of 100 miles. and assumed sufficient importance to justify the Territorial Legislature in clothing it with all the functions of a city by an act of incorporation. From the beginning the Northern Pacific Railroad Company had given the inhabitants of this little city every assurance that the coming of the road meant permanent prosperity for them. The clouds of frontier deprivation were to be rolled back. and the sunshine of an assured and permanent growth was to envelope the results of more than twenty years of frugal industry and","Democrat","(-0.572, 1.636]",1885,1
13,0,2.3333333333333335,2.3333333333333335,0.66874963,0,6,"It increases expenditures beyond the amount proposed by the bill. I do not think it necessary to make any argument on that point of order.","Democrat","(-0.572, 1.636]",1881,0
14,1.6666666666666667,3.8333333333333335,2.1666666666666665,-0.66071606,0,6,"We know that we will reduce the revenue about $120.000.000 annually. We know that we will save over $5.000.000 paid annually to over 5.000 internalrevenue officers employed to collect it. and at least five millions more that is paid out annually in costs. fees of professional witnesses. spies. informers. marshals. attorneys. and others. Thus at one swoop we would save at least $10.000.000 in salaries and expenses. which could be added to other receipts of the Government. The repeal of this law would rid the country of many thousand men employed in the execution of the law who care tbr nothing save the money they can make out of it. whether honestly or not. and who are a curse to the country and a disgrace to the Government. Do this and the people who have been harassed and bedeviled by this class of men will once more feel like free","Democrat","(-0.572, 1.636]",1883,1
15,0.7777777777777778,3.2222222222222223,2.4444444444444446,-0.22095425,0,9,"against the unlimited exercise of the taxing power by restricting it to certain objects specified in the Constitution. They did not intend to confer upon Congress the authority to lay and collect taxes. &c for every conceivable purpose or to an unliuited extent for any purpose. nor can any such authority be found in any rational construction of the language in which the taxing power is granted to Coo gress. The fact is the power to lay and collect taxes. director indirect. is the power to take private property for the use of society. and can be justified to no greater extent than is absolutely necessary for the public good. Government has no just right to exact one dollar from any citizen more than is necessaryfor its legitimate wants and necessities. and when it goes beyond that and takes from the pockets of the people more money than is needed","Democrat","(-0.572, 1.636]",1881,1
16,2.4,4.2,1.8,2.9069567000000003,0,5,"The select committee appointed to investigate matters connected with the Pension Bureau have directed me to ask from the House authority to have printed for their use evidence taken by them and documents laid before them in connection with the investigation whenever the committee may deem such printing necessary.","Democrat","(1.636, 3.843]",1879,1
17,-1.75,1.625,3.375,3.0513303,0,8,"As no information about the facts in this case are given in the report. I should like to hear some explanation.","Democrat","(1.636, 3.843]",1883,0
18,-0.36363636363636365,2.5454545454545454,2.909090909090909,0.7768116,0,11,"Would it be in order after the previous question has been ordered. as it has been. to move to recommit the resolution with instructions.?","Democrat","(1.636, 3.843]",1885,0
19,3.2,4.8,1.6,2.150131,0,5,"There is a certified report of the weight and value of the cotton.","Democrat","(1.636, 3.843]",1887,1
20,1.5833333333333333,3.5,1.9166666666666667,1.4369196000000002,0,12,"Verifying weights and measures is the business of the principal officer.","Democrat","(1.636, 3.843]",1885,1
21,-1.25,2.125,3.375,-1.8090012,1,8,"happen to him which happened to Gen. John B. Henderson. Lyman Trumbull. James R. Doolittle. and others. for having the patriotism. the courage. the generosity. the manliness. and the intelligence to vote against their party for the acquittal of Andrew Johnson [applause on the Democratic side]. they would be unceremoniously read out of the Republican party.and hanged and burned in effigy. as were those men.","Democrat","(-5.265, -3.066]",1893,0
22,-2.4285714285714284,1.2142857142857142,3.642857142857143,-2.5923817,1,14,"It could not hurt anything to put it in there. could it?","Democrat","(-5.265, -3.066]",1893,0
23,-2.625,1.625,4.25,-2.9333766,1,8,"and worketh righteousness. and speaketh the truth in his heart. 8. He that backbiteth not With his tongue. nor doeth evil to his neighbor. nor taketh up a reproach against his neighbor. 4. In whose eyes a vile person is contemned. but he honoureth them that fear the Lord. He that sweareth to his own hurt. and changeth not. 5. He that putteth not out his money to usury. nor taketh revard against the innocent. He that doeth these things shall never be moved. Mr. President. the world is better for such lives asWALTHALLS. and though the circle of his friends. the Senate and the State that loved him. and the country at large. are poorer by his death. they can never lose the legacy of his noble character and its inspiration to high living and unselfish devotion to high ideals. There is no contribution that Mississippi could have made","Democrat","(-5.265, -3.066]",1897,0
24,0.16666666666666666,3.1666666666666665,3,-2.7158206000000003,1,6,"Spanish colonizations she had overspanned herself and excited envy. hatred. and war. Rome pursued the same course until the barbarians. pressed and pushed behind the wall. where they continued to multiply. came down for safety and from greed both for position and for food itself. and overwhelmed with hatred and contempt the proud oppressors of all mankind. Yes. it is true with nations as with men that ""the wages of sin is death."" and that the greatest of all sins is blind greed and selfishness and covetousness. ""Whom the gods would destroy they first make mad."" But to continue reading from Mr. Bryan: Until the right has triumphed in everyland and love reigns in every heart. governments must. as a last resort. appeal to force. As long as the oppressor is deaf to the voice of reason. so long must the citizen accustom his shoulder to the musket and his hand to the saber.","Democrat","(-5.265, -3.066]",1897,1
25,-2,1.75,3.75,-0.60623443,1,8,"Was there a bill to allot lands in severalty to the Seneca Indians?","Democrat","(-5.265, -3.066]",1889,0
26,1.1,3.4,2.3,-1.0430455,1,10,"cancer in the middle of our territory which threatens the security of the people of the United States immediately contiguous to this area. Without going into details. I assert as a fact which can not be denied. about which the proof is so overwhelming as to make it absurd to contradict it. that the authorities of the Indian Territory in the Five Civilized Tribes. because of circumstances. probably. for Vhich they are not responsible. are unable to protect life. liberty. and property in their own midst. and that Territory has become a harbor for criminals. I will confine myself to a personal statement as to the condition of the southern part of my own State. Property has been depreciated 25 per cent in southern Missouri by reason of the condition of affairs in the Indian Territory now. Towns in Kansas and in Missouri have been attacked openly. banks robbed. and","Democrat","(-3.066, -0.877]",1897,1
27,0.5,3.25,2.75,-1.3299584,1,8,"this mode of dealing with the boys was very bad for them. It is needless to say that our visitor of large promises did not interview the Great Father at Washington. or any one else. on the subject of clothing: it was only with the utmost difficulty that we could have the necessities of the boys in this line supplied. Indeed. the matter of clothing was alway.i a sore subject all around. That which was supplied by the Government was always of poor material and wretchedly made. so that the normal condition of the poor youths seemed to be that of tatters. Some of the boys were harder on their clothes than others. One young fellow would go out quite tolerably clad and return in a few hours in astate of raggery altogether indescribable. Expostulation. reproof. all fell short of effect. ""John. what have you beendoing to your clothes ?""","Democrat","(-3.066, -0.877]",1889,1
28,-2.0833333333333335,1.8333333333333333,3.9166666666666665,-1.4159162,1,12,"I call upon any gentleman from tme South to say that elections are not fair in his district. at least as far as Democrats are connected with them. I call upon any Southern Republican to say if Democrats do not conduct electionswith perfect fairness in his district. if every one. black or white. can not cast his vote with perfect freedom. and if Democratic inspectors do not count them precisely as they are cast. I call upon the gentleman from Tennessee to speak out and tell his Republican associates whether their accusations against the South are true. Tell them if Democrats conduct elections fairly in his district. Tell us who is right in his statements on that subject.","Democrat","(-3.066, -0.877]",1889,0
29,-1.1428571428571428,2.142857142857143,3.2857142857142856,-1.2646992,1,7,"Mr. President. after the impassioned address of the Senator from Georgia upon the subject of this Sunday amendment proposed by the Senator from Pennsylvania -and I think the argument naturally arises out of the excitement and feeling. to say nothing of the animosity. which have been excited here towards certain classes of peoplethat Congress ought to be very careful not to interfere in those matters of legislation which have reference entirely to church affairs. I thought. when I called the attention of the Senate to the fact that the Constitution of the United States separated church and state. that I had pretty good ground to stand on to justify myself in obeying what I conceive to be.my duty under that instrument and to oppose on this floor the connection of church and state. Here is a measure which originates entirely with the Senate. a Republican body. with a Republican committee.","Democrat","(-3.066, -0.877]",1891,0
30,0.16666666666666666,2.1666666666666665,2,-1.4847682,1,6,"I should like tosay that I think the Senator is mistaken in saying that there was no silver legaltender coin in the country. But does not the Senator know that in 1878. when the debate went on. it proceeded on the theory that we had the right to pay in gold or silver without reference to whether we had any then or not?","Democrat","(-3.066, -0.877]",1897,1
31,-0.875,2.375,3.25,-1.1192293,1,8,"The resolution to which I refer was a con.current resolution of the two Houses. It. expressed the honest opinion of gentlemen. with which the President had not any right to interfere.","Democrat","(-0.877, 1.313]",1893,0
32,3,4.333333333333333,1.3333333333333333,1.1198078000000002,1,6,"If the geitleman will permit an explanation I think I can meet his objection. I will state to the gentleman and to the House that the purpose of this bill is to restore to the public domain certain lands in the States of Mississippi and Alabama that have been heretofore by executive order reserved for naval purposes. The Secretary of the Navy states in his report that the lands are no longer necessary for naval purposes for the reason that live oak has gone out of use in naval construction. and these lands were reserved because of the liveoak timber they contained. They have stopped using that kind of timber in the Navy. and the Secretary recommends that the lands be restored to the public domain. They will of course then be subject to entry as any other public lands.","Democrat","(-0.877, 1.313]",1895,1
33,0.3,3,2.7,-1.1851321,1,10,"Mr. Speaker. in the discussion of the project advanced by the pending resolution it is evident that we are not occupied -with the benefits that are to accrue to the people of Hawaii. but our concern is how our people are to be affected. I take this to be the sole question at issue with us. I shall make no attempt to convince those who in this or any other matter of public import assume the position that the policy of our Government should seek to benefit any people save our own. Those who argue that we should annex Hawaii because it will result beneficially to the people of the islands will not be heard patiently by me. nor shall I stoop to argue the matter with them. The advantage or disadvantage to them is a question 6f supreme indifference to me. Let them look to their own interests. The","Democrat","(-0.877, 1.313]",1897,1
34,1.2857142857142858,3.2857142857142856,2,0.82143474,1,7,"This section provides. as the gentleman has just readThat in the event the company should not be able to come to an agroement with the owner or owners of any land through which the said road way be located or pass. proceedings for the condemnation for the use of the company of so muchof said land as may be required * * * may be instituted in the usual way in the supreme court of the District of Columbia. under such rules and regulations as said court may prescribe for such purposes. Now. that is the form adopted in all cases in this District. and I.do not see the point of the gentlemans objection to it. Any -party who desired could go into court and have a jury trial.","Democrat","(-0.877, 1.313]",1893,1
35,-0.2,3,3.2,-0.9517075,1,5,"Then. so far as I am concerned. Mr. President. I dismiss the subject. Let the Senator take his reputation to the tombs. if hewants. it is nothing to me. But still I thought I would be permitted to express a sufficient degree of friendship and interest in the Senator to notify him that the amendment he is trying to lay on the table here is the act of 1837. a Democratic measure. signed by Andrew Jackson. I think. and thattherefore he must not think hard of me or ill of me if I am disposed to present a question of that gravity to the consideration of this body. It is true that we are expected to go with a hop. skip. and a jump at the bidding of those who crack the whip over us just now. but that is such a novel proceeding in the Senate of the United","Democrat","(-0.877, 1.313]",1893,0
36,-0.3333333333333333,2.5,2.8333333333333335,1.4298692,1,6,"The disability has to be continuous or an applicant is not entitled to receive a pension on account of a wound received or disease contracted in the service.","Democrat","(1.313, 3.503]",1889,0
37,0.2857142857142857,2.857142857142857,2.5714285714285716,2.260614,1,7,"The language we propose is that they shall -report in writing on all material except paper for the use of the bindery. or otherwise for the Government Printing Office.","Democrat","(1.313, 3.503]",1893,1
38,1.125,3.625,2.5,1.4719412,1,8,"I submit a resolution in regard to reprinting a document. and I ask that it be read and considered.","Democrat","(1.313, 3.503]",1895,1
39,-1.8333333333333333,1.8333333333333333,3.6666666666666665,2.1923152999999997,1,6,"If the reading is completed. I desire to make the point of order that the bill should have its first consideration in Committee of the Whole. It is a very large measure. involving appropriations out of the public Treasury.","Democrat","(1.313, 3.503]",1891,0
40,-1.25,2.125,3.375,1.9570253,1,8,"According to my understanding of what has been the uniform practice. it is optional with the committee what bill on the Calendar they shall call up for consideration.","Democrat","(1.313, 3.503]",1893,0
41,-0.4444444444444444,2.888888888888889,3.3333333333333335,-3.4552697999999995,2,9,"of these conservatives. whom the distinguished gentleman from Nebraska has so properly denominated ""assistant Republicans."" that Democrats are too loud in their applause of the President. They are pathetic in their solicitude for fear Mr. Bryan has been too outspoken in his commendation of the Presidents late message. they are afraid these words of approval will come back to discomfort and annoy us in the coming campaign. Some of these are the same that have time and again been so uneasy for fear Mr. Bryan had expressed his views to such an extent that it would injure him. so afraid that he had been indiscreet. They have been so deeply concerned. so solicitous about his welfare. they have made known to all the world their grave apprehension and deep regret. I trust such things will deceive the American people no longer. Mr. Speaker. I want to say here and to","Democrat","(-4.695, -2.655]",1907,0
42,-0.5714285714285714,2.5714285714285716,3.142857142857143,-1.3988931999999998,2,7,"Why did you not criticise the Senator from Maine yesterday when he spoke about ""the ruthless and pitiless parliamentary tyranny? ""","Democrat","(-4.695, -2.655]",1901,0
43,-1.2857142857142858,2,3.2857142857142856,-0.5909327,2,7,"This is not the Hogg bill. to buy. -lands from the Indians?","Democrat","(-4.695, -2.655]",1907,0
44,-2.375,1.5,3.875,-2.424556,2,8,"neither blandishments on the one hand nor to intimidation on the other. but stood erect. manly. brave. unmoved. But brave as he vas. courageous as he was. neither his courage nor his bravery could overcome the great eneily of mankind. His Work on earth is done. and he is at rest. Peace to his memory. And from heaven of heavens above God speaketh with bateless breathMy angel of perfect love Is the angel men call Death!"" But his name and fame will survive with those other heroes. eloquent and distinguished men who have made Georgias history illustrious. and whose fame does not belong to Georgia or the South alone. bitt to the whole countryto the Republica reunited. indivisible. indestructible Republica Republic that shall never die. We can not lift the veil that shuts from the public view the private grief in the family circle. We will. however. be permitted to","Democrat","(-4.695, -2.655]",1907,0
45,-2.142857142857143,1.8571428571428572,4,-2.5597618,2,7,"clouds. let in the sunshine. and awakened in the soul the echoes of mumuring rills and the songs of the birds. How we miss the master artist of humor. now gone from among us! Major OTEY had a great. neverfailing. everpresent love for the old Confederate soldier. His soul swelled and his pride mounted as he recalled the heroism of the man in gray. His tender heart was melted as he thought of the privations. the sorrows. the sufferings of his companions in arms. He never was happier than in the company of the grizzled veterans of the lost cause. With generous hand heministered to the needy. and with kindly touch and prayerful spirit he strove. oh. so gently. to bind up the wounds of the afflicted. Devotion to a common cause. community of effort. of endurance. and of suffering made all Confederates of kin to himevery one was his","Democrat","(-4.695, -2.655]",1901,0
46,0.7142857142857143,2.7142857142857144,2,-0.7820164000000001,2,7,"Mr. President. at the time this tobacco was taken from Colonel Mosby he was a paroled soldier and under the guaranty of the protection of the United States. It was taken from him and turned over to the Treasury. It seems to me common honesty requires that the Government ought to recognize this claim if it is proved. All the claimant asks is to be heard.","Democrat","(-2.655, -0.623]",1899,1
47,-0.3333333333333333,2.3333333333333335,2.6666666666666665,-1.7117256999999997,2,6,"If I understand the latter part of the Seniators argument. it is based upon distrust of the power and willingness of the States to protect the life and person of the President when he happens to be within their borders.","Democrat","(-2.655, -0.623]",1901,0
48,3.5,4.666666666666667,1.1666666666666667,-0.3997109,2,6,"sale of sugar at home. While it costs 1.8 cents to make a pound of sugar in Germany. it is sold at Hamburg for export at 1.47 centsa pound. onethird of a cent less than the cost of production. In the United States our beetsugar growers are protected not only by the countervailing duty against bountyfed sugars amounting virtually to the amount of the bounty paid. but also by a direct protective duty amounting to about 94 per cent ad valorem. The United States consumed about 2.400.000 tons of sugar during the year 1901. of which amount she imported 1.600.000. Of this Cuba supplied 580.000 tons. the East Indies 300.000 tons. the British West Indies 110.000 tons. South Africa 100.000 tons. Germany 225.000 tons. and the remaining 285.000 tons were imported from various sources. The United States is therefore not a very wide field for European sugar. owing to the","Democrat","(-2.655, -0.623]",1901,1
49,0.25,2.875,2.625,-1.7362475,2,8,"On raw tobacco it will operate in the same way. If the trust sells it. the trust will get the benefit of it. and if the farmer sells it. the farmer will get the benefit of it. and our theory is that the farmer will beat the trust on it.","Democrat","(-2.655, -0.623]",1903,1
50,-1.5,2.3333333333333335,3.8333333333333335,-1.4598229,2,12,"used with reckless disregard of the rights of the people for and in behalf of the trusts. We all know that the President has repeatedly said that there are ""good trusts and bad trusts."" Who should be the judge on such a question? It should not be one man. It should be the law. under the rules and regulations prescribed for eliciting truth. This is a government of law. I have always believed that the least left to the discretion of a public official is the best law for the rights and interests of the people. Why should the Littlefield bill be doomed to a languishing death in place of this Nelson substitute? That is the question that we have got to answer before the people. Tis said that it will surely die. I will refrain. Mr. Speaker. from entering into a discussion of the tariff question. Gentlemen have heard","Democrat","(-2.655, -0.623]",1903,0
51,-1.1666666666666667,2.5,3.6666666666666665,1.0557184,2,6,"years. in my experience in Congress. had hearings. and the whole output of the entire investigation has been with reference to prostituting the Federal Government. with its power and its money. to uphold one enterprise and destroy another. Mr. Speaker. during this time a great many bad things have been developed in the hearings. There is not a solitary case ever developed that is not punishable by local authorities if the local authorities will do their duty. I want to say another thing. there are two or three features in that bill that are not only foolish. but vicious also. There is one section in that bill that would fill this country with morphine and opium fiends. Read that section. It is a provision that any druggist may supply the customers with a concoction containing 2 grains of opium or onequarter of a grain of morphine to each ounce whether","Democrat","(-0.623, 1.409]",1905,0
52,0.6666666666666666,3,2.3333333333333335,0.11563173,2,6,"the life of that Congress. When that Congress delegated authority to legislate to the President that authority expired with the Fiftyeighth Congress by express limitation. and on the closing day of that Congress the House of Representatives extended to the time of the meeting of the Fiftyninth Congress only the power to make use of the appropriations theretofore made for the Isthmian Canal Commission. Then. upon the assemblage of a new Congress. nothing was done. except that the House did recognize. on December 21. 1905. the fact that a de facto government existed down there by allowing the President to call for reports from those who were governing the Canal Zone. We all recognize that there must be some form of government on the Zone or anarchy will prevail. and the President is within his rights and authority in maintaining a government down there. but I insist that under all","Democrat","(-0.623, 1.409]",1907,1
53,1.125,3.375,2.25,0.9814694,2,8,"Introduced a bill (S. 51.28) granting a pension to Levi Buckner. which was read twice by its title. and referred to the Committee on Pensions.","Democrat","(-0.623, 1.409]",1905,1
54,-0.3333333333333333,3,3.3333333333333335,-0.4365773,2,6,"you. To which the Senate replied. December 10. 1790: In confidence that every constitutional preliminary has been observed. we assure you of our disposition to concur in giving the requisite sanction to the admission of Kentucky as a distinct member of the Union. In doing which we shall anticipate the happy effects to express the sentiments of attachment toward the Ulon and its present government. which have been expressed by the patriotic inhabitants of that district. And the House. replying to the President. said: The preparatory steps taken by the State of Virginia. in concert with the district of Kentucky. toward the creation of the latter into a distinct member of the Union exhibit a liberality honorable to the parties. We shall bestow on this important subject the favorable consideration which It merits. and. with the national policy which ought to govern our decision. shall not fail to mingle the","Democrat","(-0.623, 1.409]",1905,0
55,-1.75,1.75,3.5,0.003636429,2,8,"I must decline. An interruption now would simply take up my time.","Democrat","(-0.623, 1.409]",1903,0
56,-1.1111111111111112,2.3333333333333335,3.4444444444444446,2.8213615,2,9,"Now. can the chairnan of the committee give the information to the committee as to when this work will likely be completed?","Democrat","(1.409, 3.442]",1903,0
57,-1.2727272727272727,1.9090909090909092,3.1818181818181817,1.4393195,2,11,"But do we not give them additional duties and additional powers in the joint resolution?","Democrat","(1.409, 3.442]",1905,0
58,1,3.5,2.5,2.2721987,2,6,"The select committee appointed by the Senate under the resolution of March 2. 1905. to examine and report on the navigation of the Tennessee River and other matters. have discharged that duty. and I am directed by the select committee to submit the report. which I ask may be printed.","Democrat","(1.409, 3.442]",1905,1
59,1.8571428571428572,4.142857142857143,2.2857142857142856,1.8747188,2,7,"The chairman stated that there was an adverse report on the joint resolution itself.","Democrat","(1.409, 3.442]",1901,1
60,1.5714285714285714,3.4285714285714284,1.8571428571428572,1.4701226,2,7,"In recent years it has been under the control and management of the Treasury Department and has been used as a Gulf quarantine station. I infer from this provision that the purpose is to make a change and that it is to be used for something connected with the naval service of the United States.","Democrat","(1.409, 3.442]",1901,1
61,-3.5714285714285716,1.1428571428571428,4.714285714285714,-2.2145147,3,7,"Oh. I think we might as well be candid. You can not fool anybody. It does not pay to be disingenuous.","Democrat","(-5.542, -3.197]",1915,0
62,-2.2,1.8,4,-1.2863624,3,5,"The gentleman does notwant to accuse anyone unjustly or make imputations that are unjust against anyone. Will he give us the names?","Democrat","(-5.542, -3.197]",1913,0
63,-2,1.2,3.2,-0.627113,3,5,"It is not Partisan with the .gentleman. but .t: -is ipractical iwith the -gentleman.","Democrat","(-5.542, -3.197]",1913,0
64,-1.5333333333333334,2,3.533333333333333,-1.1936624,3,15,"And the conferees agroe to that after we defeated it so overwhelmingly in this House?","Democrat","(-5.542, -3.197]",1911,0
65,-2.625,1.625,4.25,-0.6961447,3,8,"Does not the gentleman think it rather a preposterous performance to have a courtmartial. with generals and colonels and lieutenantcolonels and their epaulets and swords and all that. sitting on a lot of schoolboys?","Democrat","(-5.542, -3.197]",1909,0
66,-1.5,2.1666666666666665,3.6666666666666665,-2.1194015,3,12,"Mr. Chairman. jugt to get straight this matter of the manufacturers indorsement of this bill. I want to say that I never heard of any manufacturer in the woolen interest protesting against it. and I have no doubt in the world that typical standpatters like my friend PAYNE and my friend FORaDNEY and my friend MOORE would never have voted for it if they had ever had any protest against it from the manufacturers.","Democrat","(-3.197, -0.861]",1913,0
67,-2.2857142857142856,1.5714285714285714,3.857142857142857,-1.2209066000000002,3,7,"I sincerely hope that I will recei.ve the pardon- that I sincerely- crave. But about the: mathematical proposition. It. has been. charged-","Democrat","(-3.197, -0.861]",1909,0
68,0.125,2.875,2.75,-1.7110608,3,8,"I beg the Senators pardon. just this one: The Senator states that he hopes to see the Monroe doctrine abrogated. or its place taken-","Democrat","(-3.197, -0.861]",1917,1
69,-1.8333333333333333,1.8333333333333333,3.6666666666666665,-1.2672143,3,6,"One moment. The President himself has declared that the woolen schedule is not defensible. He has declared repeatedly that Canadian reciprocity is a triumph of diplomacy and of statesmanship. He has deemed it of such magnitude and of such importance that he has not only traversed the country campaigning in its behalf. but he convened the Congress of the United States in extraordinary session to pass it. and yet with a woolen bill that meets his criticism against the existing woolen schedule. with a reciprocity bill that he proclaims as his very own. there would be nothing left but the small. insignificant free list to justify the interposition of a veto. I do not believe he would veto all of them. and yet as certain as we send in this reciprocity bill alone and afterwards send him the other bills. just so certain. in my opinion. the other two will incur the presidential veto. Now. I yield to the Senator from Washington.","Democrat","(-3.197, -0.861]",1911,0
70,-1.1111111111111112,1.8888888888888888,3,-0.53959775,3,9,"I have no objection to that amendment. since It is going to the Senate. I think it is a proper one.","Democrat","(-3.197, -0.861]",1911,0
71,-1.6923076923076923,1.7692307692307692,3.4615384615384617,-0.62978214,3,13,"I will say in answer to that that we had better try and get along for a little while without the assistance of the railroads and their Wall Street allies. and if we find. then. that we can not get along without them. it will b3 time to change that policy.","Democrat","(-0.861, 1.475]",1911,0
72,0.625,2.75,2.125,0.48272824,3,8,"Chapter 7 itself is a committee amendment. and the Senator from Georgia has offered an amendment to the committee amendment in the nature of a substitute. Chapter VII is not in time original bill. so the committee offers it as an amendment.","Democrat","(-0.861, 1.475]",1917,1
73,-2.3,1.4,3.7,1.052135,3,10,"That may be proper. but I do not happen to have the information. because I did not anticipate the question. but I will get it for the gentleman tomorrow if he desires.","Democrat","(-0.861, 1.475]",1915,0
74,-1.125,2.125,3.25,0.9755707,3,8,"This simply changes the present law so as to reduce the grade to first lieutenant and captain.","Democrat","(-0.861, 1.475]",1917,0
75,-2.4285714285714284,2.142857142857143,4.571428571428571,-1.6167897,3,7,"the Senator from North Carolina into the active support of this measure. but It would hardly be n Just to those of us who have been working upon it so long and e so earnestly to be put in any sense in 2ae attitude of being e forced by him into a compromise or being forced by anyone to give more. when we ourselves all the time have desired all that n Congress thought proper to give. t Furthermore. we not only believe that this measure is most important. beginning at once. bnt that it will permanently be of n great value. We think that permanently the full amount of e $4.800.000 a year would in no sense be too much. We see a vast e permanent work for these trained leaders in agriculture to do throughout the country when we will have one in every county. JAYu.RY 29. not","Democrat","(-0.861, 1.475]",1913,0
76,0.6,2.8,2.2,1.2001612,3,10,"the conference report should be adopted. We are in the last stages of the session. and if we send this report back. the House conferees will have something to say. they are not going to yield upon everything. and. with the firm determination that -they may have. we may have no deficiency bill at all enacted into law.","Democrat","(1.475, 3.811]",1915,1
77,-0.6666666666666666,2.6666666666666665,3.3333333333333335,1.9983921,3,6,"Yes. he was was to report at the next regular session.","Democrat","(1.475, 3.811]",1913,0
78,0.8666666666666667,3.533333333333333,2.6666666666666665,1.6677039,3,15,"Mr. President. I ask leave to modify the order made for the printing of additional copies of the revenue bill so as to provide for the printing of as many copies within the $500 limitation as Is prescribed by Law.","Democrat","(1.475, 3.811]",1917,1
79,0.6,3,2.4,2.2529383,3,5,"That was brought out in the hearings. They said that the supervision over the manufacture of serum is a question that will require experience and perhaps a greater degree of thoroughness than they have given it in the past. but the department recognizes that condition and proposes to meet It.","Democrat","(1.475, 3.811]",1915,1
80,-0.8888888888888888,2.2222222222222223,3.111111111111111,0.5146373,3,9,"They said it was all they could use and all they required.","Democrat","(1.475, 3.811]",1911,0
81,0.4444444444444444,2.888888888888889,2.4444444444444446,-2.266011,4,9,"We have caucused on It and we are In favor of It.","Democrat","(-5.43, -3.095]",1923,1
82,-3.6666666666666665,1.1666666666666667,4.833333333333333,-2.4927685,4,6,"their proud necks in folly. bigotry. or fear to a despised yoke that not a king could place upon our gallant fathers? Oh. the prayer of John Adams was not answered. No Rubens. no Van Dyke has preserved that trial and that scene upon any canvas. but. thank God. it lives. Otis lives. I can hear now his ringing voice. I can see the eager throng. I can see the smirking face of a prostituted judge. I can see the cowardly. treacherous. goldloving glee of hireling counsel doing the will of their royal master for their masters gold. They are all preserved. like flies caught in amber. in the eloquence of Otis. There they are and there they shall abide. for the abhorrence of the lovers of their country. for the emulation of their kind. Wearing a vile mask. a Gorgon would disown. A cheek of parchment and an eye","Democrat","(-5.43, -3.095]",1921,0
83,1,3,2,-0.96832246,4,6,"Did he give it to you? Mr. BLANTON. You had three boys in the war?","Democrat","(-5.43, -3.095]",1927,1
84,-3.4,1,4.4,-0.4457168,4,5,"And It is without regard to the insurability or the noninsurability of the soldier?","Democrat","(-5.43, -3.095]",1921,0
85,-1.9,1.8,3.7,-2.2452755,4,10,"Drunkenness is far more due to the weakness of the drinker than to the strength of the drink. A man who is weak enough to become a miserable toper or drunkard would probably be weak enough to fall into some other form of sensual indulgence that is equally as injurious. or even more so.","Democrat","(-5.43, -3.095]",1925,0
86,-1.1428571428571428,1.5714285714285714,2.7142857142857144,-0.5128964,4,7,"opinion that the insinuations against Mr. Ryan made -by !the majority of the committee are entirely based upon and niade from political prejudice and animosity and for political purposesunworthy -motives. - I find nothing in the report upon which to condenn Mr. Ryan. no proof or substantiation of any insinuation of wrongdoing. TheSecretary ofWar. Mr. Baker. .has announced publicly on.a nulmber of occasions that le.is thoroughly familiar with all the actionsof Mr. tyan while he was Assistant Secretary of War.and also while he was chief of aircraft production for the Armyduring the late Great War. .and has said :that there is no blame or censure to .be cast upon Mr. Ry a . that he was actuated onlyby thebest of motives .and renderedsplendid service to :hiscountry. Ibelieve the peoile who know !the Secretary of Warowill. credit him with sincerity .and knowledge whereof he speaks .and .N.ill be loath to doubt","Democrat","(-3.095, -0.769]",1919,0
87,-2.142857142857143,1.1428571428571428,3.2857142857142856,-1.0474849,4,7,"But that is not the question I wanted to ask the gentleman. I do not see where the joke is myself. but I was trying to differentiate-","Democrat","(-3.095, -0.769]",1927,0
88,-1.4285714285714286,2.4285714285714284,3.857142857142857,-0.8204667,4,7,"Yes. and I do not think the Senator himself would object to a provision of that kind. I","Democrat","(-3.095, -0.769]",1925,0
89,-1.6,2,3.6,-0.86075664,4,5,"If any gentleman is i favor of that proposition. surely lie has no objection to having it stated.","Democrat","(-3.095, -0.769]",1919,0
90,-1.5714285714285714,2,3.5714285714285716,-0.9287796,4,7,"I agree with the last statement that the gentleman made. I agree that these laws ought to be repealed. Why do not you repeal them? You are in power here. Your side is in the majority and in control of the House. Why not repeal them?","Democrat","(-3.095, -0.769]",1919,0
91,-1.1666666666666667,1.8333333333333333,3,0.61165273,4,6,"Mr. President. I offer. the. resolution which I sendto tile desk and ask that it be read and referred to the Committee. on Foreign Relations.","Democrat","(-0.769, 1.557]",1919,0
92,1.4545454545454546,3.4545454545454546,2,0.30352226,4,11,"I agree entirely with that. Mr. President. aid I tiik organizations engaged along the lines indicated by the rules and regulations ought to be exempt. and if the department construes tile words ""agricultural or lorticultural organizatiolis ""found on page 79 as being tied to the provisions found in subdivision 10 and construes tie provisions of subdivision 10 as a limitation upon those words I have no objection.","Democrat","(-0.769, 1.557]",1921,1
93,-2.625,1.5,4.125,-0.9407276,4,8,"I do not care anything about the list of stockholders. There are so many weekkneed. miserable Protestants who are afraid to lift their voices against this Roman Catholic hierarchy in the United Sates that I do not care what names the list shows. I am talking about what that paper is doing. and the Bible says. ""By their fruits ye shall know them.""","Democrat","(-0.769, 1.557]",1927,0
94,0.4,3.1,2.7,-1.3795981000000002,4,10,"I have got bonds of every issue except one. and. while I am not rich. I am going to hold them until they pay their value. But part of those bonds bear only 31 per cent. and from that up to 41. In any event. you have got different sorts of securities bidding against each other.","Democrat","(-0.769, 1.557]",1919,1
95,1,3.6666666666666665,2.6666666666666665,-0.5802609999999999,4,9,"The House bill permitted the wives of these persons to come In. and the Senate put a limitation upon it of","Democrat","(-0.769, 1.557]",1925,1
96,0.625,2.75,2.125,1.515323,4,8,"to carriers in order to facilitate transportation. or to loan to carriers upon reasonable security In order to purchase equipment or other facilities. in the event that such carriers are unable to secure elsewhere the funds with which to provide themselves with adequate transportation facilities. Now. that part of tie bill was altered.","Democrat","(1.557, 3.882]",1919,1
97,-1.3333333333333333,2,3.3333333333333335,0.80052185,4,6,"That is. of the present assessed valuation. Of course. the Senator !knows that the assessed valuation is very low.","Democrat","(1.557, 3.882]",1923,0
98,1.6666666666666667,3.4444444444444446,1.7777777777777777,1.5128715,4,9,"This morning I inquired with reference to the report on the immigration bill. I understood the Speaker to rule that a conferee would have no right to file his views when a conference report is presented. Was that correct?","Democrat","(1.557, 3.882]",1923,1
99,-0.5,3,3.5,1.9863665,4,6,"A project Is not a law. a project Is something concrete.","Democrat","(1.557, 3.882]",1925,0
100,-0.5,2.625,3.125,1.4138596,4,8,"It was not intended to apply that phase of the bill extensively at all. but only to apply it in exceptional cases. in remote districts.","Democrat","(1.557, 3.882]",1919,0
101,-0.2,2.4,2.6,-1.7022370999999998,5,5,"I would not hang the Senator. I am too fond of him.","Democrat","(-5.486, -3.162]",1929,0
102,-3,1.25,4.25,-2.1045365,5,8,"I am very much in sympathy with the proponents of this bill","Democrat","(-5.486, -3.162]",1937,0
103,-1.2857142857142858,2,3.2857142857142856,-1.7469343999999998,5,7,"The gentleman has no fear of any vote he might cast here?","Democrat","(-5.486, -3.162]",1933,0
104,-1.5714285714285714,1.8571428571428572,3.4285714285714284,-1.2164699,5,7,"That may be true. But as to the others we are indeed "" hornswoggled"" and deprived of our rights.","Democrat","(-5.486, -3.162]",1929,0
105,0,2.7777777777777777,2.7777777777777777,-0.31541336,5,9,"Sometimes it is made from aniseed and sometimes it is made from everything.","Democrat","(-5.486, -3.162]",1935,0
106,0.6,2.8,2.2,-0.47658366,5,5,"The gentleman said at the outset of his remarks that the judge had offended on divers times and occasions. The gentleman has only cited one occasion and one case. Has the gentleman in mind any other matters aside from this particular proposition?","Democrat","(-3.162, -0.847]",1933,1
107,-1,2.375,3.375,-1.9401503,5,8,"Does not the gentleman think our exchange system has again failed. and that this is a panic? Our private monetary system has again collapsed. Why try to deceive the people by calling it a recession when it is nothing but an oldfashioned monetary and exchange panic?","Democrat","(-3.162, -0.847]",1937,0
108,-2.111111111111111,2,4.111111111111111,-0.8540075999999999,5,9,"I hope the gentleman will not insist upon that. I cannot say that I have no objection. but while I have the floor and the patience of the House. I will be glad to explain anything with reference to the matter. and I think the gentleman is too good a lawyer to have any serious apprehension as to the possible consequences of this legislation.","Democrat","(-3.162, -0.847]",1933,0
109,-0.6666666666666666,2.3333333333333335,3,-1.239553,5,6,"bed in that roomthat women were employed to do that work. Then he said. ""I have two detectives here. and will put them on that floor to see that you are not disturbed any more tonight."" I said. "" You know my life has been threatened. and I must be on my guard."" He said. ""We will look after that."" . I told a number of friends what had occurred. I said. ""What do you suppose they intended to do?"" My friends said. ""Well. they thought you would be sitting in your room reading. and would pay no attention to them as they were pretending to fix the bed. and one of them would get behind you and knock you in the head with that hammer and go right out of the room and close the door. and nobody would know what had happened until the next morning. and there","Democrat","(-3.162, -0.847]",1929,0
110,-0.3333333333333333,2.8333333333333335,3.1666666666666665,-0.3963927,5,6,"Mr. President. I should like to call the attention of the Senator from Utah to the error made in lace window curtains.","Democrat","(-3.162, -0.847]",1929,0
111,0.6,2.8,2.2,0.33900726,5,5,"The Senator knows that there are two bills now on the calendar to protect life and limb in bus transportation and truck transportation. and the Senator may employ his useful argument in furtherance of those bills. They. however. have nothing to do with rail transportation.","Democrat","(-0.847, 1.468]",1937,1
112,2.25,4.083333333333333,1.8333333333333333,0.7746084,5,12,"I may state to the Senator that I do not claim to have explored the subject completely. but I have read all I could find on it up to this time. I find only seven instances in which such a thing was done. and in each instance the action of the court was met with decided and vigorous protest. In the case in Rhode Island. to which the Senator refers. the judges were summoned before the legislature. and in the case in. North Carolina. to which he refers. a member of the Constitutional Convention from that Statethe Governorimmediately repudiated the action. On investigation I could find only seven instances in which the power had ever been even remotely asserted up to that time.","Democrat","(-0.847, 1.468]",1937,1
113,0.5714285714285714,3.142857142857143,2.5714285714285716,0.40577462,5,7,"There ought to be no agreement to limit debate without a quorum being present.","Democrat","(-0.847, 1.468]",1929,1
114,-2.2,2,4.2,0.06216389,5,5,"Let me finish my question. if the Senator will be so kind. It is objected by some of our brethren on the other side and some on this side that the reorganization plan is bad because it empowers the President ef the United States to place agencies in different places. and that that is the duty of Congress. I believe we all agree that that would be best. Now Congress is creating an independent agency. Congress should have the power and should exercise the power. should it not. to place that agency under the head of some one of the departments? Does not the Senator agree that we should not create independent establishments without placing them under the head of some department of the Government at this time. if we are going through with the reorganization? To say. ""Wait for the reorganization bill"" does not answer the question. Congress itself ought to do this.","Democrat","(-0.847, 1.468]",1937,0
115,-1.6666666666666667,1.8333333333333333,3.5,-0.020898491,5,6,"Does not the lady give any consideration whatever to the extremely bad weather we have had ever since this took place?","Democrat","(-0.847, 1.468]",1933,0
116,2.375,4.125,1.75,1.7288535,5,8,"On page 4. line 24. reference is made to loans ""so secured as reasonably to assure repayment thereof."" Does that language apply to other sections of the bill to which the Senator from Michigan has directed our attention?","Democrat","(1.468, 3.783]",1935,1
117,0,2.4,2.4,2.851395,5,5,"Can not the Committee on Finance or the Ways and Means Committee get all the testimony in regard to the wage scales through the Tariff Commission? Is there any use of such an investigation when we have a Tariff Commission. and we have the Ways and Means Committee and the Finance Committee to investigate all questions relating to the tariff? Is not that true? Does not the Tariff Commission furnish information such as is covered in this resolution?","Democrat","(1.468, 3.783]",1929,0
118,1.8333333333333333,3.6666666666666665,1.8333333333333333,1.1202896,5,6,"airplanes. and so forth. Second. The metalframed Zeppelin. a significant advance in its time. should now be carried further and be made substantially all metal. Third. The metalclad airship Is the only real American development in the lighterthanair field. Fourth. It is in no sense a new or untried idea. intensive work having been started on it over 15 years ago. Fifth. A practical demonstration unit. the ZMC2. has now been in active service for about 8 years. and has more than lived up to every promise made for it. Sixth. The proposed next ship is still relatively small. about twice the length and diameter of the ZMC2. Seventh. It is no more than a logical step forward in what has been a continuous program of development. Eighth. Its adoption Is urged. not by highpower lobbying but by actual achievements and results. * Ninth. In the size proposed it offers","Democrat","(1.468, 3.783]",1937,1
119,1.375,3,1.625,1.6384995999999998,5,8,"The point which interests me. then. is the provision in the joint resolution that no project shall be inaugurated unless adequate money shall have been provided to complete the project.","Democrat","(1.468, 3.783]",1937,1
120,2.5,4.25,1.75,2.7242482000000003,5,8,"The resolution as originally reported asked for authority to expend $25.000. *The Committee to Audit and Control the Contingent Expenses of the Senate recommended. and the amendment provided for. the expenditure of only $10.000. That was the status of the resolution as it was reported. It went back on the calendar. The present amendment prov.des that the committee shall hold hearings with reference to such data as have been gathered to date. and that witnesses may be called in order to substantiate such data.","Democrat","(1.468, 3.783]",1937,1
121,-2.5714285714285716,1.5714285714285714,4.142857142857143,-2.4930449,6,7,"I thank the gentleman. but we hope that is only temporary. ""Hillbillies?"" Yes. to the gentleman from Pennsylvania . but true and unselfish Americans. We have spilled our blood on the battlefields of every war in which the liberties and ideals that we cherish and the democracy that we love were imperiled. For half a century we have suffered the discrimination which I strive to end and the ridicule which you stoop to perpetuate. ""Contributor of verse and humor!"" ""Assailed."" ""accused."" ""defamed"". castigator of ""Ozark hillbillies"". authority on ""delirium tremens.""-the gentlemans rhapsody on the Middle West. IHere the gavel fell.]","Democrat","(-5.517, -3.22]",1939,0
122,-1.5,2.3333333333333335,3.8333333333333335,-0.4933827999999999,6,6,"May I corret the gentleman and say that all of them have that?","Democrat","(-5.517, -3.22]",1943,0
123,-2,1.625,3.625,-1.2726414,6,8,"Whether they knew that or not they knew at least that he was a propagandist.","Democrat","(-5.517, -3.22]",1939,0
124,-3.375,1.125,4.5,-1.8406405,6,8,"I am serious about this. I am not trying to be facetious.","Democrat","(-5.517, -3.22]",1941,0
125,-2.5,1.1666666666666667,3.6666666666666665,-3.0739222,6,6,"I am afraid that I and my comrades on this side of the aisle would have denounced it from the hilltops.","Democrat","(-5.517, -3.22]",1945,0
126,-0.8571428571428571,2.5714285714285716,3.4285714285714284,-1.0531898000000002,6,7,"Alliance which has been issuing great floods of propaganda to prevent congressional elimination of the theaterproject fund. told this actress: I personally encourage Negro attention on all occasions. and go out with themAny time she was asked. Trudy. as an employee of the Workers Alliance. which fattens on the dues paid by relief employees from money received from the United States Treasury. is helping us .spend whatever we appropriate for a theater project. Trudy told this girl who refused to go out with a Negro. and one of her supervisors named Harold Hecht said to her that the Negro was entitled just as much to life. liberty. and the pursuit of happiness as was the girl. The girl. however. felt that she herself should choose what constituted the pursuit of happiness. Do you think the American taxpayers would approve of our financing Trudy in her pursuit of happiness with whatever","Democrat","(-3.22, -0.931]",1939,0
127,-1.1,2.2,3.3,-1.0155665,6,10,"I merely said I do not know of any which has.","Democrat","(-3.22, -0.931]",1945,0
128,0.14285714285714285,3,2.857142857142857,-1.7315081,6,7,"The Senator from Missouri knows perfectly well that this sort of subterfuge has been employed for the last 5 years. When we repealed the arms embargo provision of the Neutrality Act we still called the new measure. which destroyed our neutrality forever. a neutrality act. It has been the custom. apparently. to use words to conceal thought rather than to express thought When the lendlease billmiscalled. as the Senator from Missouri so well points outwas passed. it was ptecisely the form in which we took the first step of repealing the arms embargo. We said it was necessary because. again. Britain was fighting our battle. This was all short of war. which was another shibboleth. I may say to the Senator from Missouri. devised by the slogan makers. and the catchword makers. and the phrase makers to make the people feel rather than to make them think.","Democrat","(-3.22, -0.931]",1941,1
129,-0.8571428571428571,2.4285714285714284,3.2857142857142856,-2.1230435,6,7,"business was canvassed. the charges were bruited back and forth. and then a man was elected. It seems that he did not love LANGER. He made a campaign on the issue that he was going to ""kick the stuffing"" out of LANCER in connection with the bond deal. Am I overstating it? Perhaps in my utterly crude style I attempted to use the vernacular. which does not befit this honorable Chamber. but I understand that he called down on LANCERS head the mildew of the wrath of God Almighty. and said he was going out to ""fix"" him after he was elected. That is true. is it not?","Democrat","(-3.22, -0.931]",1941,0
130,-2,1.7142857142857142,3.7142857142857144,-1.7832477,6,7,"Mr. Speaker. numerous of the daily columnists have made a sad spectacle of themselves in castigating President Roosevelt in his espousal of Senator MEAD for the Democratic nomination of Governor in New York. Westbrook P.egler screeched with panther rage. Arthu Krock seemed angrier than a wet hen. Mark Sullivan took a conniption fit. Those whom the gods would destroy they first make mad. In their diatribes they showed about as much respect for the Commander in Chief of our armed forces as does a Nazi. Their solicitude for John J. Bennett was amusing. How many of them- will support John as against Dewey? Nonedespite the fact that Bennett is far superior. They have a sharp business sense. They pattern their views as closely as possible after the editorial policy of their employers. And the latter are antiNew Deal. Bennett has properly espoused Roosevelts policies. They will be ""agin"" him. Many","Democrat","(-3.22, -0.931]",1941,0
131,-1,2.5,3.5,0.91932654,6,6,"And may I say to the gentleman from Alabama that that question was definitely involved in title 2 of the allotment and allowance bill in which we amended the Selective Service Act. and imported into it at that time the entire question of family relationship within the home. and provided that the allowance to be paid would not be the only feature in determining it. and that there should be taken into consideration the sanctity of the American home in passing on any question of deferment. and that is the fixed policy of law. and these new directives are in directcontravention of It.","Democrat","(-0.931, 1.357]",1943,0
132,2.8333333333333335,4.333333333333333,1.5,0.5880103,6,6,"If I may answer the gentlewoman from Massachusetts. a penalty provision is contained in this bill. The grower is penalized to the extent of $10 per day per child for every day the underage child was permitted to work.","Democrat","(-0.931, 1.357]",1939,1
133,-1,2.142857142857143,3.142857142857143,0.42525458,6,7,"I regret that the source of the gentlemans information was incorrectly advised or misunderstood concerning something that may have been said about a specific proposal. I do recall that there was a Member of this body who asked me if I thought the Judiciary Committee was in favor of drafting all labor In this land and would approve a bill of that kind. I said I had no right to speak for the committee. but that I did not think any such bill as that would be reported. Several Members have asked me if our committee was going to report a bill. and I have said that I did not know.","Democrat","(-0.931, 1.357]",1941,0
134,-0.625,2.375,3,0.22931272,6,8,"I do not know whether he did or not. but I would interpret the hardship case as covering that sort of a situation. As I remember. the 2.000 a month that the authorities have already started to release contain not only the men over 28 but also the hardship cases. and I think we all know of some hardship cases in which they have been released.","Democrat","(-0.931, 1.357]",1941,0
135,-0.6666666666666666,2.6666666666666665,3.3333333333333335,-0.42981616,6,9,"unparalleled since manhoods flower first shed its fragrance on a new world. Today. many of these men have been returned to their civilian pursuits. Tomorrow. many men will likewise find their places in fields of endeavor of their own choosing. Today. the law of the land gives terminal leave pay only to officer personnel. Enlisted personnel are denied this provision of law. Mr. Chairman. this is a caste system. pure and simple. undeniable and undebatable. This is inconsistent. Mr. Speaker. with the philosophy which made this Nation great. This is inconsistent with the fundamental concept of the inscription on the Supreme Court edifice: ""Equal justice under law."" This is a wrong which has perpetuated itself and a wrong which has been forcibly brought to the attention of this Nation only on account of the tremendous sizes of our armed forces during the recent conflict. No member in either branch of","Democrat","(-0.931, 1.357]",1945,0
136,1.1666666666666667,3.3333333333333335,2.1666666666666665,0.86013585,6,6,"It is all performed as a Federal function because the Food Administrator has the right to direct and to veto everything a county agent may do. It is not a local function. anyway.","Democrat","(1.357, 3.646]",1943,1
137,2,3.5,1.5,2.5183575,6,8,"have in mind. let me read the language of the resolution: Resolved. That the Committee on Public Lands. or any duly authorized subcommittee thereof. is authorized and directed to make a full and complete investigation of the mine explosion which occurred at the Centralia Coal Mine No. 5. Womac. Ill on March 25. 1947. with a view to determining the cause of such explosion whether all mine safety requirements and provisions were beIng observed. and whether adequate inspection was being maintained. After the word ""provisions"" I wish to add the words ""Federal or local"". so that that clause would read: ""whether all mine safety requirements and provisions. Federal or local. were being observed. and whether adequate inspection was being maintained.""","Democrat","(1.357, 3.646]",1947,1
138,2.2,3.8,1.6,3.3648176,6,5,"I might answer the gentlemans question. although I am not a Harvard man. by saying that I would understand from the language in line 13 on page 2 that it is the purpose of the act to effectuate the policies set out in section 1 (a). which is the preceding section. which provides. among other things. for the following major programs relating to atomic energy. Then when you go to subsection (3) it would be a program of federally conducted research. That means the Government would carry on the program of scientific research and development to assure the Government of adequate scientific and technical accomplishment.","Democrat","(1.357, 3.646]",1945,1
139,1.7142857142857142,3.5714285714285716,1.8571428571428572,1.7991837,6,7,"Mr. President. I submit for reference to the Committee on Printing with a view to its being printed as a document. with illustrations. a statement on the defense coordination of the Panama and Florida Canals.","Democrat","(1.357, 3.646]",1939,1
140,3,4.4,1.4,1.4809624,6,5,"Chairman of the Committee of the Whole House on the rtate of the Union. reported that that Committee. having had under consideration the bill to amend the Selective Training and Service Act of 1940. and for other purposes. pursuant to House Resolution 107. had come to no resolution thereon.","Democrat","(1.357, 3.646]",1945,1
141,-1.1111111111111112,1.8888888888888888,3,-1.0582002,7,9,"I should think we would have some representatives on the IRO.","Democrat","(-4.54, -2.449]",1949,0
142,-2.142857142857143,1.8571428571428572,4,-2.3129307999999997,7,7,"We have done it in the past and I have confidence that if Khrushchev and Tito make too much of a rapprochement. the President will again cut it off. But. I am not at all sure that Tito is ever going to submit to the Kremlin becauselet us look at it realisticallyhe likes the job he is doing as dictator of Yugoslavia too well to submit to anyone who can liquidate him. He likes his Isle of Brioni. He likes the life he is living and. as a matter of selfpreservation. I do not think he is going to go back with the Kremlin. They want him to go back. and I think if we can keep him from it. we are hurting them more than we are hurting ourselves.","Democrat","(-4.54, -2.449]",1957,0
143,-0.6,2.4,3,-1.3696516,7,5,"And is not the gentleman now criticizing General Marshall because he thinks he advocates aiding the Communists?","Democrat","(-4.54, -2.449]",1949,0
144,-1.6666666666666667,2,3.6666666666666665,-0.7106255,7,6,"Well. does the gentleman admit that he did give power to a bureaucrat under this bill?","Democrat","(-4.54, -2.449]",1951,0
145,-0.6923076923076923,2.230769230769231,2.923076923076923,-1.5767062,7,13,"I did not hear the name mentioned. But. it was out of that source that came those charges which were antiSemitic. for example. appeals to bigotry and hatred. appeals to people who were not possessed of a hateful mind and who did not have a hateful mind. but appeals to their emotionalism. the result of which would be the same as if they did possess a hateful mind.","Democrat","(-4.54, -2.449]",1949,0
146,-0.625,2.75,3.375,-1.5430226,7,8,"Mr. Speaker. a soldier passed on today before my committee. a Member of this House. the distinguished Congressman from my State of Illinois. RALPH CHURCH. while testifying there on a matter that concerns every person within these United States. I never heard him. and I have heard him often. give a finer dissertation upon the subject matter he was interested in. I never heard a person show creater concern or more earnestness in his delivery than did our distinguished colleague on this occasion. So I say to you. passing away as he did. carrying out his duty as he saw it. he died a soldier on the field of battle. I grieve with you in his passing. My heart goes out to his loved ones. But I am sure if that great soldier. RALPH CHURCH. could speak to us now and speak to his loved ones. he would speak in","Democrat","(-2.449, -0.366]",1949,0
147,-2.75,1.25,4,-1.1539706,7,8,"If the group to which the gentleman refers pursues the campaign of snooping on its fellowmembers that it has actually initiated. I shall ask the privilege of taking the floor of this House and denouncing the activity and the group in such terms as will admit of no doubt as to the scorn and contempt that I have for such activity.","Democrat","(-2.449, -0.366]",1949,0
148,-0.8,2.6,3.4,-1.7606993000000002,7,5,"United States. Jews and Christians alike. have made to insure the successful launching of the Israeli ship of state. Let us hope that our mutual pride in accomplishment will continue through the years as Israel meets and overcomes her present problems and establishes more firmly her position in the community of nations. Israel has already survived a bloody war in her short life. That she may survive the uneasy peace is now the task of President BenZvi and Prime Minister David BenGurion. May God give them the wisdom of Solomon and the leadership qualities of Moses in coping with that formidable undertaking. I know that the United States will continue to cooperate in every just and practical way in helping to make this new promised land the sanctuary for oppressed Jews which they have sought through the centuries.","Democrat","(-2.449, -0.366]",1953,0
149,-1.8333333333333333,1.3333333333333333,3.1666666666666665,-0.47726995,7,6,"Mr. President. I should like to finish stating my point. if I may.","Democrat","(-2.449, -0.366]",1957,0
150,-1,2.125,3.125,-0.54442024,7,8,"Mr. President. do you think the campaign of lies against the McCarran amendment to the tax bill. carried on and fostered by certain foundations. was not an attempt to influence legislation? Of course. it was an attempt to influence legislation. I suppose the Treasury takes the position that these foundations are so big that their propaganda activities and their attempts to influence legislation are only a small part of their total effort. and therefore are not substantial. Maybe the Treasury also feels that the money these foundations give for the furtherance of Communist causes and the attainment of Communist objectives is also not substantial. Mr. President. the statement of managers on the part of the House goes on to say thatA large foundation could lose its exemption unless every foreign farmer to which It furnished fertilizer signed the sworn statement and all the sworn statements were secured by agents of","Democrat","(-2.449, -0.366]",1953,0
151,-2.2142857142857144,1.7142857142857142,3.9285714285714284,0.60855395,7,14,"Does the Senator subscribe to the view that the basis for this type of legislation is the interest the Federal Governmenit has in interstate commerce?","Democrat","(-0.366, 1.717]",1949,0
152,1.3333333333333333,3.3333333333333335,2,0.79040337,7,6,"Mr. Chairman. I have been interested in the postal deficit problem since I have been in Congress. I have introduced legislation to separate the airmail subsidy so that payments to airlines for transporting mail will not be charged to the postal deficit. This seems to me to be a constructive step. It was first suggested by the Hoover Commission. and I am happy to note a parallel bill is making progress in the other body. This subsidy amounts to between thirty to sixty million dollars. The Post Office and Civil Service Conmittee is to be commended for reporting a mailrateincrease bill. This appears to be a necessary step toward solution of the postal deficit problem. However. I rise in support of the Lyle amendment. It calls for a 30percent increase in secondclass rates on publications. instead of the 60percent increase provided in the committee bill. Obviously. the deficit is so","Democrat","(-0.366, 1.717]",1951,1
153,-0.3333333333333333,2.5555555555555554,2.888888888888889,-0.09092218,7,9,"and increased hostility and bitterness. have been omitted from the administration bill. The bill embodies the principle. supported by expert witnesses who testified before the Senate committee. that a coolingoff period will be secured without the compulsion of an injunction if the parties feel that sincere efforts are being made to help them to settle the dispute privately without Government compulsion. The great majority of disputes do not involve such a public loss that the use of drastic measures and the denial to the parties of otherwise legitimate activities are justified. Such few disputes as may result in a truly national emergency of a character actually imperiling the public safety can be met successfully through measures for bringing all the tremendous forces of public opinion effectively to bear in support of the President and in such a manner as to induce settlement by the parties themselves. To this end. the","Democrat","(-0.366, 1.717]",1949,0
154,2.5,3.6666666666666665,1.1666666666666667,1.4951844,7,6,"I do not want to take up the gentlemans time. but this same Associated Press release has the figures broken down by areas. and a great deal of other detailed information.","Democrat","(-0.366, 1.717]",1951,1
155,2.111111111111111,3.5555555555555554,1.4444444444444444,0.7596904999999999,7,9,"That is correct. The bill provides that they do not draw their retirement pay and that of the office to which they will be appointed.","Democrat","(-0.366, 1.717]",1951,1
156,-0.16666666666666666,2.5,2.6666666666666665,2.1025445,7,6,"He said that he would report back to the committee before he did anything. If he intends to report back to the committee. I shall be there. together with the chairman of the committee. when he reports back about increased rates of interest.","Democrat","(1.717, 3.799]",1953,0
157,2.125,3.875,1.75,2.9427984,7,8,"part of the overall teamwork in the health professions. In conjunction with the many uses of the physical facilities of a medical school. it is important to take notice of the insistence through the years by the faculty of these schools upon having dualpurpose facilities and resources. They report that responsibility for and participation in research not only enables them to keep abreast of the rapidly changing trends in medicine but that it also enables them to make their own contributions to scientific literature and knowledge. In fact. more than 50 percent of all medical research currently conducted in the United States is being carried out by the faculty members of our medical schools. Research also provides the mechanism that makes for selfeducation as well as providing the spark necessary to the development of a productive teacher. It is research in process that frequently makes the difference between inspirational and","Democrat","(1.717, 3.799]",1957,1
158,3.111111111111111,4.666666666666667,1.5555555555555556,2.5505161,7,9,"The Atomic Energy Commission studied the question of utility disposal for a long period of time. They hired experts. who made all sorts of findings. I think. in fairness to all Members of the Senate. it should be understood that provision for the transfer of the utilities was contained in a bill submitted by the administration and approved by the Bureau of the Budget. The text is contained in a joint committee print of the Joint Committee on Atomic Energy. 84th Congress. 1st session. entitled ""Disposal of GovernmentOwned Communities at Oak Ridge. Tenn and Richland. Wash "" which was released in connection with a letter sent by W. F. Libby. the Acting Chairman of the Atomic Energy Commission. under date of April 25. 1955. In the proposal submitted by the administration. it is stipulated. on page 5. as follows: SEC. 303. Transfer of municipal facilities: (a) The Commission is authorized","Democrat","(1.717, 3.799]",1955,1
159,-0.1111111111111111,2.7777777777777777,2.888888888888889,2.0834116999999996,7,9,"I am informed that there would be no additional expense as the machines are originally furnished complete. adapted to the type of electric power available.","Democrat","(1.717, 3.799]",1951,0
160,-0.8333333333333334,2.1666666666666665,3,2.2091804,7,6,"But that has not been given to us and the report does not contain that blue sheet.","Democrat","(1.717, 3.799]",1953,0
161,-2,1.5555555555555556,3.5555555555555554,-2.1550336,8,9,"If it were done rashly. then it would not be lawfully done. He cannot blurt out something even with all good intentions.","Democrat","(-5.29, -2.99]",1967,0
162,-1.5,2.3333333333333335,3.8333333333333335,-0.6362734,8,6,"Did you get all these urgencies or did you hear of them by rumor?","Democrat","(-5.29, -2.99]",1959,0
163,-0.4,2.8,3.2,-2.6423327999999997,8,5,"it. much against the wishes of the helpless Lithuanians. part of the Soviet Union. Since 1940. except for the 2year period during the war. the unfortunate Lithuanians have been oppressed by the tyrannical government imposed upon them by the Communist rulers of the Kremlin. There they suffer in misery and under conditions approaching servitude beneath the heel of their detested and despised overlords. At the same time. in their hearts they all cherish the hope that someday. somehow. freedom and independence may dawn over their heads in their historic and beloved homeland. I am glad to join loyal and libertyloving and proud Americans of Lithuanian descent who. in observing the 41st anniversary of Lithuanian Independence Day. echo the true feelings and sentiments of oppressed Lithuanians in unfree Lithuania.","Democrat","(-5.29, -2.99]",1959,0
164,-0.625,2.625,3.25,-2.4730256,8,8,"the debris of senselessness for words of consolation to a bereaved family or a bereaved Nation. And yet. in the grand design which men cannot comprehend. is it not possible that our fallen leader. in his martyrdom. won a mighty battle against the forces of darkness and malice and intolerance? I do not believe John F. Kennedy ever hated anyone. If he hated anything it was hatred itself. During recent months. many of us. hypnotized into immobility. watched a blight creep over our land. False prophets arose among us and preached the devils doctrine in the name of patriotism. Wrapping the flag about their shoulders. they set themselves up as infallible. daring to judge the patriotism of their fellow men. Restlessly. they cast about for a man on horseback. They railed at the President. the Supreme Court. the Congress. Those who differed with them were traitors and there were hints","Democrat","(-5.29, -2.99]",1963,0
165,-2.4,1.4,3.8,-1.2950327,8,5,"Yes. The Navajos have not done that. either. They have not done it. if they could have. and they would not do it if they could.","Democrat","(-5.29, -2.99]",1961,0
166,0,2.8,2.8,-1.3099234,8,10,"Peace Corps Volunteers have come back from Africa. Asia. Latin America. they will gain importance and consideration in the United States. Peace Corps Volunteers will be members of Congress. leaders in business. educators in universities. lawyers and governors. When this happens something will have changed. not only in the United States but on the face of the world In the sense of this rediscovery of brotherhood. of happiness. of men in general. It is for this rediscovery of man. of this brotherhood of human dignity that I say. Long Live the Peace Corps I","Democrat","(-2.99, -0.698]",1967,0
167,-1,2.3333333333333335,3.3333333333333335,-1.5651667,8,9,"Mr. President. unless there is a successful solution to the crisis in South Vietnam. I am satisfied that the unilateral military action of the United States in South Vietnam will be the primary cause of leading Asia into a massive war. We would be whistling in the graveyard. or engaging in emptyheaded. wishful thinking. if we thought that a massive war in Asia would stop there. I am satisfied that it would lead to a nuclear war. out of which there would come no victor. This I have stated many times. This administration continues to argue that we shall lose prestige if we change our course of action in Asia. I point out to the President of the United States that we have no prestige left in Asia because of our shocking course of action in South Vietnam. What do prestige and face have to do with the United States","Democrat","(-2.99, -0.698]",1965,0
168,0,3,3,-1.711057,8,5,"policy. but Kennans ideas about the containment of Soviet power have greatly influenced our approach to the Soviet Union. They also triggered his being fired from the Foreign Service in 1953 by Secretary of State Dulles. or. as Emmet John Hughes has written. discourteously dismissed. Kennan is convinced that Dulles talk of rescuing Eastern Europe damaged the United States. ""Mr. Dulles liked to talk about liberation of Eastern Europe. but did nothing about it. I prefer not to talk about it. Mr. Dulles talked a line designed to appease the rightwing critics of our policy. and followed the same policy as in the past. I have felt we should not talk in a way we did not intend to act."" The effect of Dulles words was ""to tighten the apron strings of the satellite governments to the Soviet Union."" Kennan warns that we still have not made up our minds","Democrat","(-2.99, -0.698]",1963,0
169,-2.6666666666666665,1.5,4.166666666666667,-0.9033401,8,6,"meeting. LaDonna came home and said. ""Id like to get that. group interested in Indian problems also."" I take nb little pride in the fact that I did hot respond by saying. ""Some of my best friends are Indians."" but I am afraid the effect of what I said was about the same. ""What Indian problems?"" I asked. ""Ive lived all my life among Indians. and the only Indian problems I know about Is the one I married."" When I had a chance to say something more. I said that. if it were true that Indians had certain special problems. other than those encountered by all citizens. I had thought the Bureau of Indian Affairs was supposed to take care of such things. The fact that. thereafter. over the next several months. it took us so long to really identify and articulate the basic problems as we saw them. should","Democrat","(-2.99, -0.698]",1965,0
170,-1.7142857142857142,2,3.7142857142857144,-1.5026948,8,7,"constructive results for our country and for the United Nations. This proposal for $100 million of financing on the part of the United States will be passed by the Senate and by the House of Representatives. let no one make any mistake about that. Madam President. After all the sound and fury are over. after all the arguments have been stated. after all the newspaper articles have been written. after all the dissension that anyone could sow has been sown. then the Senate and the House of Representatives will overwhelmingly support this measure for financial assistance to the United Nations. I will tell you why that will happen. Madam President: It is because the American people would repudiate any Congress or any administration that did not do so. Sometimesin fact. almost all the time. I thinkthe American people exhibit more political horsesense than do some of their official spokesmen. The","Democrat","(-2.99, -0.698]",1961,0
171,-1.4,1.8,3.2,-1.3348196,8,5,"of roses. and everything about the program has not been perfect. He would be the first to agree to this. But his vision and his deep concern for the problems of the poor gave him the drive to get the program off the ground. He deserves the applause of all who are concerned with giving hope and help to the disadvantaged and poor of this Nation. I congratulate him for what he has done in this important area.","Democrat","(-0.698, 1.594]",1967,0
172,0.14285714285714285,2.5714285714285716,2.4285714285714284,-0.035327315,8,7,"That is why I asked the Senator whether he thought the request of the Minnesotans was a reasonable request.","Democrat","(-0.698, 1.594]",1965,1
173,1.8571428571428572,3.857142857142857,2,2.0451353,8,7,"Mr. Chairman. I should like to say to the gentleman that I am under no obligation to tell him the name of the person. The gentleman has known me for many years here. He knows that I do not make reckless statements. The information came to me through Mr. John Moore who is Director of the Crash Injury Research Project at Cornell. The report shows that the industry put out a press release saying. ""We heartily endorse the objectives of H.R. 1341."" It is in the report. Then they go on and say. ""However. the Department under section 112 has the right to prescribe these specifications."" But the fact remains that they are not. and have not prescribed any safety devices to amount to anything.","Democrat","(-0.698, 1.594]",1959,1
174,0.3333333333333333,2.8333333333333335,2.5,0.60226727,8,6,"aid program. Public Law 480. I have not thought too highly of that program. I think within it is embraced vast grants to certain countries between the difference of the real value of the foreign currencies which we obtain and the estimated or official value in the country in which we spend them. I think we are giving vast grants to the countries that receive the benefits of the program. But what is proposed here is not the way to kill that program. If Senators desire to kill the foreign aid program and put it on a current and realistic basis. they should introduce a bill to kill the program.","Democrat","(-0.698, 1.594]",1961,1
175,1.5714285714285714,3.7142857142857144,2.142857142857143,0.5429149000000001,8,7,"Senator from Alabama has described. I had a particular interest in the seasonal homes version. The House managers were convinced of the merits of that proposition. On yesterday. agreement was obtained on It and it was concluded tentatively to include that provision in the conference report. but this morning the House Parliamentarian ruled that that provision. not having been included in the House bill. and the Senate bill not being in conference. the seasonal homes provision was not germane to the conference and could not be included or it would be subject to a point of order in the House. I say this because I know the particular interest of the Senator from Michigan . as he was the sponsor of the original bill. We worked it out in the Senate committee and in conference. It is a viable proposition and holds great promise for development of the rural undeveloped areas of his State and my State.","Democrat","(-0.698, 1.594]",1965,1
176,1.7142857142857142,3.5714285714285716,1.8571428571428572,2.061644,8,7,"our embassy in each country. Our U.S. ambassador or the head of our country team is then requested to distribute the sections of the questionnaire to those in charge of each of the specific programs. such as the Peace Corps or AID. and so forth. Material is then collected by the country team to supply the information requested in the questionnaire. Then. upon my arrival. I am able to go over the responses with those in charge of our actual operations in the field. I have found this to be a very useful approach. As a matter of fact. several of our ambassadors have informed me that it was only by going over the material supplied at my request that they were able to realize the scope of our Governments activities in the country to which they are assigned. Several have also indicated that because of the material which was","Democrat","(1.594, 3.885]",1967,1
177,0.75,3.125,2.375,2.3534822,8,8,"Although I recognize that the larger packers might very well engage in research on these methods of slaughter. some of them do not. Furthermore. the legislation which was passed directed the administration. with the cooperation of the Congress. to do this research. It had been indicated that possibly some of it could be done at the research facilities at Ames. Iowa. at the Iowa State College.","Democrat","(1.594, 3.885]",1959,1
178,2,3.8,1.8,3.3371418,8,5,"the amount of the request. showing the pipelines. and other pertinent information. so that the Members would have some knowledge of the figures involved in this legislation. At this time I think it would be appropriate to put in the RECORD page 8 of the committee report which shows the budget estimates. the authorization. and the recommendations of the committee with appropriate comparisons:","Democrat","(1.594, 3.885]",1967,1
179,-2.6,1,3.6,0.9691471,8,5,"Could not the Senator do that after the present discussion has been completed?","Democrat","(1.594, 3.885]",1961,0
180,0.8,3.3,2.5,1.5543038999999998,8,10,"the money is used for buying textbooks and stocking libraries. building special education centers to provide services unavailable in local schools. and strengthening State departments of education. Becausewith the exception of the last categorythe funds go directly to the local school system. the programs are most responsive to community needs. However. the socalled Quie amendment would change all of this. This proposal would establish a system of ""block grants"" to State departments of education giving them the power to set priorities and determine which local agencies should receive funds and what should be done with them.","Democrat","(1.594, 3.885]",1967,1
181,-2.111111111111111,1.7777777777777777,3.888888888888889,-0.9666106,9,9,"Oh. I amn not denying the quoteand I think the gentleman would not deliberately misquote the Attorney General.","Democrat","(-4.308, -2.258]",1969,0
182,-1.75,2.125,3.875,-1.5362158,9,8,"who does not redden at such a backhanded compliment. It is said the witness remains unperturbed. Is he to be congratulated. or pitied. or scorned as a pariah even in this age of lost innocence? America is. or should be. deeply perturbed. And mere painful silence is no longer a sufficient reproach. What is needed now. not tomorrow. not when the hearings conclude. but nowis a clear unequivocal expression of chagrin. sorrow. and most importantly. rededication to the ageless promise of the gift we still share-""a Republicif you can keep it."" And that expression. that pledge can only come. and must come from the President himself.","Democrat","(-4.308, -2.258]",1973,0
184,-1.1666666666666667,1.8333333333333333,3,-1.8917143,9,6,"many things have been done and. of course. they can be done better because everything can be done better. but I. for one. am getting tired of hearing ourselves berate ourselves to the point where we are brainwashing the people of this country to think that we are the ones who have committed all of these things that have happened. I. for one. reject out of hand that idea. because it is not the Members of this House or the Members of this body especially and/or the other body who have been that flagrant in this field. I think it ill behooves us to talk about it in such a way. They have a saying in the church to which I belongmea culpa. mea culpa. mea culpa. I am getting tired of hearing mea culpa. mea culpa. mea culpa. Mr. Du PONT. Let me say to the gentleman from Massachusetts","Democrat","(-4.308, -2.258]",1973,0
185,-1.625,2,3.625,-1.9710207,9,8,"to a country whose leader so flagrantly violates her espoused democratic principles. Such behavior labels her nothing less than a supreme hypocrite. What many of us fail to remember is that Indira Gandhi is not Mahatma Gandhi. indeed she is not related at all to that martyr for democracy. She only bears a similar name. and by her actions has defiled that name.","Democrat","(-4.308, -2.258]",1975,0
186,-0.6666666666666666,2.2222222222222223,2.888888888888889,-1.3661638,9,9,"and think Congress is doing a good job. It Is wage controls. Virtually everyone agrees little wonder that the Congress is held in that price and wage controls should be such low repute. How can we command phased out as soon as possible. However. the respect and confidence of the public there is disagreement over whether the if we give away our powers to the PresiPresident should be given standby au- dent? How can we improve our image If thority to reimpose controls on particu- we engage in transparent political bucklar sectors of the economy. Those who passing? We do not fool anyone but ourfavor standby authority argue that con- selves when we play those games. trols may still be needed to check intense Mr. President. I find it somewhat surinflation which might erupt in a particu- prising that some Members of Congress lar sector of the economy. It has","Democrat","(-2.258, -0.215]",1973,0
187,-0.6666666666666666,2.4166666666666665,3.0833333333333335,-1.1961652,9,12,"the Democratic side of this Chamber sometimes are quick to point up the failures of the present administration. Only last week I stressed the ways In which I feel the water pollution abatement program Is being poorly administered. We ought to be as quick to emphasize administrative successes. and to rejoice in themparticularly when. as in the present case. they represent successes for the Nation. To introduce a calm and civil dialog and at least a modicum of reasoned restraint into the chaotic scene of boiling world pressures is almost. as someone said. like trying to change a tire on a speeding car. Henry Kissinger. who chose this country in his youth after witnessing the Nazi tyranny. has done this perhaps as well as any person could have done it. The Nation owes him its thanks.","Democrat","(-2.258, -0.215]",1973,0
188,-1.5,2.1666666666666665,3.6666666666666665,-0.752419,9,6,"Thank you Mr. Chairman. gentlemen of the committee. I want to take this opportunity to thank you for the privilege of appearing before you on the occasion of your breaking new ground and giving consideration to employment of the 25th amendment for the first time in the history of our great country. I can say without any reservation at the outset. I appear before you in total support of the confirmation of Gerald Ford to be the next Vice President of the United States. I would be remiss if I did not thank you. Mr. Chairman. and the other members of your committee and this body for the efforts you are making to expedite this hearing. to hasten Jerry Fords nomination and confirmation. I think you are doing it because you feel it is in the best interest of the country. I express my personal appreciation to you for that.","Democrat","(-2.258, -0.215]",1973,0
189,-0.875,2.25,3.125,0.36283302,9,8,"go over my prepared testimony with my colleagues here because of the tremendous importance I attach to the whole controversy. If nothing else. I hope it will serve as a reminder to the House that our concern of a month ago or 2 months ago. when the announcement was first made has not in any way diminished. but rather has. in fact. been reinforced upon further reflection. It only remains for me to add at this point that I believe Senator William M. Bulger. of Boston. the chairman of this commission. deserves the gratitude of all Americans along the eastern seaboard for the tremendous public service he is performing in focusing the attention of his commission on this matter of gravest concern. My testimony follows:","Democrat","(-2.258, -0.215]",1971,0
190,0.6,3.1,2.5,-0.59692,9,10,"In answer to the distinguished Senator from Massachusetts. the Senator from Alabama would say that on at least two occasions in the last few minutes he has agreed to a time limitation on the amendment. provided the Senator stipulates it shall be germane. The Senator has not been willing to do that. In the second place. of course. we feel that the Senator from Massachusetts should have due consideration and extra considerationand the Senator from Alabama has given him that extra consideration. But with all due respect to the distinguished Senator from Massachusetts. the Senator from Alabama. having an amendment that he plans to introduce. does not feel it is quite incumbent upon him to lay that aside just because the Senator from Massachusetts wants to spent 10 hours discussing his amendment. The Senator from Alabama. I dare say. has not discussed his amendment more than a couple of hours. and now the Senator from Massachusetts wants 10 hours. So I feel the Senator is making an unreasonable request. Much as the Senator from Alabama would like to accede to the Senators request. the Senator from Alabama must respectfully decline.","Democrat","(-2.258, -0.215]",1973,1
191,-0.25,2.75,3,-1.4960116,9,8,"our solution. but it would give us the ultimate. where if these great minds of today were writing a new Constitution for a brand new Republic of the United States of America in the real world of 135 sovereign national States and all that surrounds us. what would they come up with. what should we. in other words. aspire to by way of expectations. What are the dimensions of that then? What would be our starting point here? It ought to be our beginning. where we then. as responsible representatives of the people. seek to take that dimension of policymaking. of the division of responsibility in a representative government. and take the next step. implement it in terms of the Constitution or traditions of the Nation and of the great wisdom of those who have preceded us both in administrative government and in this Chamber. So. in summary. Mr. President.","Democrat","(-0.215, 1.827]",1971,0
192,2.375,4.125,1.75,0.74904585,9,8,"same day if that same artist gives that painting worth $5.000 to the same art museum. he cannot take an art deduction. This is something of value. This is a great talent. and we should nurture this talent. Are we not in the position. by denying these artists of the opportunity to give these paintings. of beggaring thousands of people and hundreds of museums in every one of our States? Out of curiosity to try to determine that. I found in 1969 before the deduction went out a survey was made of 45 museums of this country and they received donations of works by living artists totaling $440.000. Last year the same museums reported only $130.000 in similar donations. This is ironic. The National Endowment for Arts which has been founded by this Congress and for which we make appropriations. in fiscal 1970 contributed $100.000 to museums to compensate them","Democrat","(-0.215, 1.827]",1975,1
193,1.2222222222222223,3.6666666666666665,2.4444444444444446,0.27330909999999997,9,9,"Mr. President. one of the first orders of business for the 93d Congress is to reenact the Older Americans Comprehensive Services Amendments. This vital legislation. which would finally bring the Nation closer to the goals sought by Congress when it passed the Older Americans Act in 1965. was approved overwhelmingly last year in both Houses. Months of discussion had preceded pasasge. including extensive consultation with the administration. But when the amendments reached the White House. they stayed on the Presidents desk. unsigned. Finally. on October 30. the President announced he would withhold approval. or resort to a p cket veto. Congress could not then override this negative act. We were not in session. Now. in the early days of the 93d Congress. we have a duty to act quickly on this unfinished business from 1972. For these reasons. I congratulate the Senator from Missouri for reintroducing the amendments today. as","Democrat","(-0.215, 1.827]",1973,1
194,2.8,4.2,1.4,0.28621522,9,5,"Mr. President. last Friday I introduced a bill on behalf of the administration to provide for the recall of safetyrelated defective tires. This bill is a revision of one I introduced first in 1967 and again this January. Senators MAGNUSON and HARTKE cosponsored the proposal. Almost immediately. the Rubber Manufacturers Association. representing 16 of the countrys 19 tire producers. issued a press release endorsing the bill and calling it ""a constructive step toward a practical tire recall program."" The industrys public support for this bill is a real step forward. and I think they should be complimented for taking this stand. I have relayed my feelings to Mr. Ross R. Ormsby. president of the Rubber Manufacturers Association. in a letter today. I ask unanimous consent that the text of that letter. along with the RMAs release of Friday. April 26 and two news articles from the New York Times and the Washington Post commenting on this development. be printed in the RECORD.","Democrat","(-0.215, 1.827]",1969,1
195,2.142857142857143,4.285714285714286,2.142857142857143,1.6333596,9,7,"edification of my colleagues. I insert the text of the bill and Mr. Daleys remarks at this point in the RECORD: H.R. 10916 A bill to amend the Solid Waste Disposal Act in order to provide financial assistance for the. construction of solid waste disposal facilities. to improve research programs pursuant to such Act. and for other purposes Be it enacted by the Senate and House of Representatives of the United States of America In Congress assembled. That this Act may be cited as the ""Resource Recovery Act of 1969."" SEc. 2. Section 203 of the Solid Waste Disposal Act is amended by inserting at the end thereof the following: ""(7) The term municipality means a city. town. borough. county. parish. district. or other public body created by or pursuant to State law and having jurisdiction over the disposal of solid wastes."" SEC. 3. (a) Subsection (a) of section 204","Democrat","(-0.215, 1.827]",1969,1
196,0.6666666666666666,2.8333333333333335,2.1666666666666665,2.3891622999999997,9,6,"Mr. President. I introduce. by request. a bill to revise and improve the laws relating to the documentation of vessels. and for other purposes. which has been requested by the Department of Transportation. I ask unanimous consent that the text of the bill and a sectionbysection analysis prepared by the Department be printed in the RECORD at the conclusion of my remarks.","Democrat","(1.827, 3.87]",1977,1
197,3.090909090909091,4.181818181818182,1.0909090909090908,3.1607103,9,11,"testimony from approximately 65 witnesses. and compiled a hearing record of 1.400 pages. We are now in a position to assess the record already made. and to determine if further hearings are warranted or whether the subcommittee should proceed to the markup of legislation. For further information. please contact Bud Walsh. staff counsel for the Senate Commerce Committee. at 2259347.","Democrat","(1.827, 3.87]",1973,1
198,0.3333333333333333,2.9166666666666665,2.5833333333333335,2.8378265,9,12,"date which is somewhat later than originally intended by the Senate. The Administrator retains the authority to require the application of these controls at an earlier date. and it is intended that he will require their application at the soonest practicable time. The Administrator retains the authority to establish schedules and timetables of compliance which eliminate the discharges of pollutants whenever he determines that the technology is reasonably available. At the same time. the Administrator is given clear guidance in the law to press forward to achieve the goals of the act. to assure that reasonable effort is put forth to move from one phase to the other. to guarantee that there is real progress from best practicable technology to best available technology. and. above all. to require. whenever technology is reasonably available. that the discharge of all pollutants be eliminated. I would like to point out to my colleagues","Democrat","(1.827, 3.87]",1971,1
199,1.1666666666666667,3.4166666666666665,2.25,3.524932,9,12,"be used. The act would provide training for both teachers and student teachers. through new courses of study. summer workshops. symposiums. seminars and conferences. It would be particularly helpful to the Office of Education in preparing undergraduate teachers. an area in which the Office has virtually no authority. It would create an Advisory Committee on Environmental Education. composed of 21 distinguished persons familiar with education. information media. and the problems of the environment and ecological balance. The committee would advise on the programs administration. make recommendations on the allocation of funds. review applications and evaluate projects carried out under the act. Mr. President. incentives and proscriptions on industry and other sources of pollution are a necessary part of securing a decent environment. but they will not be sufficient. The issue involved is not only mans survival. but also the quality of that survival. Quality is inextricably bound to the science","Democrat","(1.827, 3.87]",1969,1
200,2.6923076923076925,4.3076923076923075,1.6153846153846154,2.3053815,9,13,"Joelson amendment restore to 1969 levels vitally needed funds for titles II and III of the Elementary and Secondary Education Act. to provide school library materials and supplementary education centers to renew and revitalize schools from within. Through combined efforts. the First and Second Districts of Missouri have already received $250.970 in title II funds. which have produced substantial results in improving St. Louis libraries. Title III funds have made a significant impact as well. Mr. Henry C. McKenna. project director of the St. LouisSt. Louis County title HI social studies project. has advised me that their program alone involves 50 teachers from grades 4 through 12 working on innovative curricula in the field of social studies. This single effort. which received $258.614 for a 3year period. has the potential to enrich the education of over 250.000 students in the area. The amendment also restores 1969 level appropriations for titles","Democrat","(1.827, 3.87]",1969,1
201,0.8,2.8,2,-2.3801078999999996,10,5,"They shoot into the air to frighten us. Our lives and work are made very difficult and the children are scared. The South African regime has even tried to do its evil in the name of Christianity. As Reverend Haikali said a year ago: The present racist South African regime is supported by the church. namely the white Dutch Reformed Church. The theology of the Dutch Reformed Church justifies the status quo of racism. capitalism and totalitarianism. It blesses injustice. canonizes the will of the powerful and reduces the poor to passivity. obedience and apathy. The racist Prime Minister of South Africa. P.W. Botha. therefore sees this Dutch Reformed Church position as a struggle of the Christian western civilization against the powers of darkness and Marxism and the evil of ""Communist inspired"" African nationalism. But Namibians are fortunate to have strong church leadership. particularly the Lutheran Church. which serves the","Democrat","(-4.707, -2.632]",1987,1
202,-1.1,2.2,3.3,-1.9522474,10,10,"Mr. Speaker. back in 1956 the Hungarians came out and revolted. but they all got killed because they listened to this propaganda that was put out.","Democrat","(-4.707, -2.632]",1979,0
203,-2.6666666666666665,1.5,4.166666666666667,-2.9893212000000005,10,6,"by the sacrilegious hands of the demagogue or the usurper. which God avert. its expiring agonies will be witnessed on this floor."" My colleagues. as we truly rejoice that God and our forefathers 200 years ago gave us the great organic charter of freedom and liberty that we in our day revere and cherish so deeply. let us realize that we have a duty. both to the dead and to the unborn. We are at once the sons of sires who sleep in calm assurance that we will not betray the trust that they confided to our hands. and we are the sires of sons who wait confidently in the beyond that we will not deprive them of their birthright.","Democrat","(-4.707, -2.632]",1987,0
204,-2.2857142857142856,1.7142857142857142,4,-3.2012231,10,7,"not with that bunch."" Maybe theres a little bit of Charlie in each of us. But somehow. I dont thank that wanting to go to heaven. but only on our terms. and certainly not with that other bunch. is quite what God had in mind. The prayer that I sometimes think we dont often use enough. and one that I learned a few years ago. and only after I had gotten into the business that Im in. is one of asking forgiveness for the resentment and the bitterness that we sometimes feel towards someone. whether its in bustness dealings or in governmhnt. or whatever were doing. and forgetting that we are brothers and sisters and that each of them is loved equally by God as much as we feel that He loves us. Im so thankful that there will always be one day in the year when people all over","Democrat","(-4.707, -2.632]",1983,0
205,0.6,3.2,2.6,-1.6871921000000003,10,5,"would be if he were to come to power. As The Washington Posts Leon Dash reported in 1977 after spending seven months with UNITA forces in the bush. ""Savimbi is an enigma. a man on whom many labels can stickbrilliant. charismatic. affable. unyielding. forgiving. temporizing. Machiavellian. opportunistic. lying. nationalistic. Marxist. Maoist. proWestern and socialist."" Savimbi is miscast as a ""freedom fighter"" defending Western ideals against 4a harsh Marxist regime. UNITA has in fact been criticized for its brutal tactics in the Angolan countryside. In classic guerrilla fashion. Its acknowledged goals are to grind the Angolan economy to a halt. prevent development. and destroy agricultureall to stir up discontent with the government. Among the foreigners taken prisoner during UNITA attacks In recent years have been many missionaries and church workers. Just last month. in an incident reported by the Brazilian Embassy In Angola and three religious organizations. five Baptist church workers","Democrat","(-4.707, -2.632]",1985,1
206,-0.35714285714285715,2.857142857142857,3.2142857142857144,-1.310361,10,14,"accruals on the black lung indebtedness that will cost $2 billion. I do not think we should have changed the quality control under Medicaid and AFDC. Those were savings. We changed them. I do not think we should have put the Superfund. as we planned to do it in this bill. in the manner that it originally came to us. But we did not take the President very seriously until about now. I think that is kind of too bad. I think we have to do what the majority leader suggested and give it at least a chance to survive. Mr. President. how much time do I have remaining?","Democrat","(-2.632, -0.567]",1985,0
207,-1,2.4285714285714284,3.4285714285714284,-0.5408788,10,7,"I just wonder. are we saying that the CBO is somehow paid by Japanese auto manufacturers?","Democrat","(-2.632, -0.567]",1983,0
208,2,3.8333333333333335,1.8333333333333333,-1.5442281,10,6,"Mr. Speaker. on February 24. 1980. Estonians around the world observed the 62d anniversary of the proclamation of the independence of Estonia. At this time I am honored to join with thousands of Americans of Estonian descent to commemorate this anniversary. In 1918. supported by President Woodrow Wilsons declaration concerning all peoples right to selfdetermination. Estonia proudly proclaimed its independence. This proclamation prompted the Soviet invasion of Estonian territory. Upon driving out the Red army. the people of Estonia set up a free and independent Republic. Their liberty lasted only two decades. In 1940. Estonia was annexed and eventually became a territorial possession of the Soviet Union. Since that Soviet occupation. thousands of Estonians have been interned in Soviet prison camps. while other have fled their homeland to seek sanctuary in various parts of the free world. The Estonians have not allowed their freedom to be trampled upon so easily.","Democrat","(-2.632, -0.567]",1979,1
209,-0.8,2.4,3.2,-1.5576698999999998,10,5,"had a supreme tea party at Williamsburg. We have been doing the same thing with Latin America. We have refused to work collectively. So. what has happened? There has been very II13458 little reported in our Press. but all throughout Latin America that is all you read. The Contadora group. the five countries. Mexico. Venezuela. Colombia. Panama. Costa Rica. meeting. which they just had their fifth meeting. to do what? To try to see how they can reconcile the situation in Central America. see if they can find some way to accommodate a cessation of these killings that are going on in this strife. because the United States will not exert leadership. We have lost our leverage. In fact. I tried to tell President Carter in April 1980 that at the most. maybe we would have about 90 days when we could exert some good leverage. whereby we could come","Democrat","(-2.632, -0.567]",1983,0
210,1.5714285714285714,3.857142857142857,2.2857142857142856,-0.91794163,10,7,"Mr. Speaker. on June 30. 1981. we will commemorate the 40th anniversary of the restoration of Ukrainian Independence. On June 30. 1941. Ukrainian underground fighters occupied strategic points in the Capitol of West Ukraine. Lviv. Ukrainian leaders issued a proclamation of the restoration of Ukrainian independence. and a provisional government was appointed. Mr. Yaroslav Stetsk. a prominent leader of the Organization of Ukrainian Nationalists. became Prime Minister. Despite the tragedies endured by the Ukrainian people in this struggle. they remain aware of the sacrifices made. and that they never were defeated in a military sense. Instead their organization decentralized and melted away in the deep underground where they continued the Ukrainian national liberation struggle by means appropriate to changed conditions. The Soviet Russians are also aware of these facts and this explains why the events of June 30. 1941. are of extreme significance. The importance of this event cannot be downplayed. On the 40th anniversary of the restoration of Ukrainian independence. I feel that we. as members of an institution that epitomizes the belief in freedom. should rise and commemorate this day as Ukrainian Independence Day.e","Democrat","(-2.632, -0.567]",1981,1
211,2.5,4.25,1.75,0.038650632,10,8,"Mr. Chairman. I offer this amendment on behalf of Mr. PEPPER and myself. Our amendment increases the fiscal year 1985 ceiling on the total of FMS loan guaranties to permit an additional $15 million in loan guaranties for Peru. As the committee changed this category to an offbudget account. the increase will not affect the overall foreign aid budget. The increase in FMS loan guaranties for Peru is a small. but needed step toward reducing Perus dependence on its Soviet military relationship. which has meant military equipment and supplies as well as Soviet presence and influence in Peru. By increasing U.S. security assistance to Peru. we demonstrate our support for the continuation of a stable. democratic government which is friendly to the United States. President Belaundes government is faced with severe financial pressures as well Torricelli Weber Wolf Towns Weiss Wolpe Traxier Wheat Wortley Udall Whitehurst Wright Vander Jagt Whitley","Democrat","(-0.567, 1.499]",1983,1
212,0.2222222222222222,2.888888888888889,2.6666666666666665,-0.35720223,10,9,"be frozen or whose size is not sufficiently familylike. Surely this bill will engender much informed and spirited debate. But the very fact that it is consistent with current congressional policy affecting persons with severe disabilities. has received the endorsement of a large number of leading advocacy. consumer. and professional organizations. and represents a highly sensitive response to the concerns raised by some people during the last 4 years as Senator CHAFEES Community and Family Living Act Amendments were debated. gives me great hope that this bill will pass during this session of this Congress. I am wholly satisfied with the principles of this bill and with the care it gives to the rights and needs of people with disabilities and their families. to the moderate approach it takes to FederalState relationships. to the deference it pays to the wholesome aspects of existing servicedelivery programs. and to the opportunities it","Democrat","(-0.567, 1.499]",1987,1
213,0.2,3,2.8,0.28424364,10,10,"to include within the eligible category individuals who are very close to one another in their incomes. I think a greater sense of equity and fairness can be achieved and essentially the same basic problem be addressed with the 70percent figure than will be achieved with the lower figure of 50 percent which is being proposed in the amendment offered by the Senator from Nebraska and the Senator from Colorado. Everyone has conceded that the amount of adequate housing we can provide falls far short of the need. whatever the formula income figure is. therefore. you have to look at some of these other questions. I think that the Senator from Alabama raised an important point and was very clear in presenting the situation as it existed in his part of the country and as he perceives the impact of the amendment which would lower the eligibility to 50 percent","Democrat","(-0.567, 1.499]",1979,1
214,0.6666666666666666,3.3333333333333335,2.6666666666666665,2.6770654,10,6,"in this legislation. Then. shortly thereafter. the RogoVin inquiry group was appointed and Mr. Rogovin made his recommendations with his group also toward the end of 1979. the same year in which the accident took place. We have had numerous other recommendations. hearings. investigations. The one that is most interesting. of course. is the Nuclear Regulatory Commissions investigation of itself. Mr. President. do you know when the final report of that investigation was filed? Last year8 years after the incident at Three Mile Island. As a matter of fact. It was filed on or about the same time that nuclear plant employees were found sleeping on the Job at the Peach Bottom nuclear complex. also in my State. Talk about a wakeup call for the nuclear industry. Well. Mr. President. at long last Congress is responding to that wakeup call with some very necessary. important. commonsense legislation. What our legislation","Democrat","(-0.567, 1.499]",1987,1
215,1.6,3.8,2.2,1.3124487,10,5,"I thank the gentleman for yielding. Mr. Speaker. I rise in support of H.R. 2807 and would like to commend my colleagues. Mr. PERKINS chairman of the Committee on Education and Labor. Mr. ANDRsws and Mr. PrR. chairman and ranking member of this Subcommittee on Human Resources as well as Representatives MATTHEW RINALDO and MAnto BIAGGI ranking republican and chairman of the Subcommittee on Human Services of the Select Committee on Aging. respectively. for their efforts in bringing this bill before the House for consideration. H.R. 2807 authorizes additional funds for the U.S. Department of Agricultures (USDA) cashinlieuofcommodities program for fiscal years 1982. 1983. and such sums as may be necessary for fiscal year 1984. The need for this legislation is a result of the 1981 reauthorization of the Older Americans Act. when a monetary cap was placed on the commodity reimbursement program. In doing so. Congress repealed the entitlement","Democrat","(-0.567, 1.499]",1983,1
216,1.4285714285714286,3.7142857142857144,2.2857142857142856,1.7991011,10,7,"B52. The cost for an equivalent force of BlBs turned out to range between approximately 80 and 106 billion (FY 81$) given an IOC for the 3lB of 1986 and depending on the retirement schedule for the B52. The cost of the ATB only option is. of course. classifled but I can say that the cost is not significantly different from the cost of the combined B1/ ATB program recommended by the President. The combined program. however. is much more effective in maintaining the deterrence of the manned bomber force. It also provides sign.ificant added capabilities in this decade which the ATB only program does not. An unclassified cost comparison of these programs is attached for your information. The combined program offers both near and far term modernization that will force the Soviets to improve their air defense program starting now. and continuing throughout the rest of the century. The","Democrat","(1.499, 3.565]",1981,1
217,1.4,3.8,2.4,2.5993156,10,5,"These regulations were recently upheld by the Supreme Court. While there is currently no basis for the regulations in the act. the conferees concluded that some expansion of the Administrators authority in this area is an appropriate addition to the act. This new provision provides a clearly defined and limited authority in the statute for modification of treatment requirements for individual facilities. The provision is intended to assist the Administrator in addressing variation in development and effective administration of the national effluent guidelines and standards. The conferees intend. however. that the Administrator use the new authority in this section sparingly. Applications under this section should be assessed with the objective of accounting for unique situations encountered in implementing national. minimum treatment requirements. Unless the circumstances of a facility are unique. the Agency should accommodate fundamental differences among facilities through the establishment of subcategories within an effluent guideline. This section should","Democrat","(1.499, 3.565]",1985,1
218,1.7142857142857142,3.4285714285714284,1.7142857142857142,0.9293214,10,7,"Mr. Speaker. I am placing in the RECORD today letters from colleges stating the impact on them of cuts in the student aid program. E 843","Democrat","(1.499, 3.565]",1981,1
219,3.272727272727273,4.545454545454546,1.2727272727272727,3.2832236000000004,10,11,"under the Cleari Air Act of which(A) $46.624.000 is for the Health and Ecoogical effects program. (B) $4.050.000 is for the Industrial Proceses program. and (C) $21.289.000 is for the Monitoring and rechnical Support program. (7) $10.243.000 for solid waste activities authorized under the Resource Conservation and Recovery Act. of which(A) $8.143.000 is for the Public Sector Activities program. and (B) $2.100.000 is for a Hazardous Waste program. of which(1) $30.000 shall be used for a study of nonnuclear hazardous waste disposal ineluding consideration of the effects of such disposal on the environment. and a general review of disposal technology. alternatives to disposal. and options for containing or removing hazardous wastes already in the environment. The Administrator of the Environmental Protection Agency shall enter into appropriate arrangements with the National Academy of Sciences to conduct this study. The Academy should complete the study within eighteen months after funding arrangements have","Democrat","(1.499, 3.565]",1979,1
220,1.4444444444444444,3.5555555555555554,2.111111111111111,3.058678,10,9,"Mr. Speaker. I rise in support of H.R. 4432. a bill which provides for a checkoff format for Asian American and Pacific Islanders. It is important that the 1990 Decennial Census be the most accurate ever. I believe that H.R. 4432 will help to achieve that objective. Some may say that this detailed tabulation in the Decennial Census relating to Asian American and Pacific Islanders consumes more space. will cause delays in printing of the Census forms. require additional staffing and funding. that if this format is instituted. there will be a delay tabulating the data for some of the Asian Pacific Islander groups who are not listed. Our first interest. Mr. Speaker. should be tabulating complete and accurate counts. H.R. 4432 will help in facilitating a more accurate count without changing the format or content for counting any racial group other than the specific group which this bill addresses.","Democrat","(1.499, 3.565]",1987,1
221,-0.9090909090909091,2.1818181818181817,3.090909090909091,-2.5249607999999997,11,11,"orchestrate it with my opponent. He is not supposed to know anything about it. Mr. President. I have seen Members who were running for the Senate. and some who are not here. get defeated in the last 36 to 48 hours of a campaign because somebody decided to dump hundreds of thousands of dollars into a campaign against them. The fact is that they simply do not mention the opponents name. just criticize. run those negative 30second spots that an unsophisticated voter looks at and says I would not vote for him for dogcatcher. Everybody knows what is coming on 30second spots on flag burning this fall. I am amazed that I have not heard President Bush offer a constitutional amendment to stop Roseanne Barr from singing the National Anthem. I was more offended by that. Mr. President. than I am by a lot of things. I am an old","Democrat","(-3.946, -1.974]",1989,0
222,-1,2.5,3.5,-2.5365548,11,6,"like George Washington. Thomas Jefferson. and Ben Franklin. patriots who fought and died for our independence and created our government. truly they did pledge. In the words of the Declaration of Independence their ""lives."" their ""fortunes."" and their ""sacred honor."" In the intervening years and wars. countless brave veterans from Saratoga to Normandy. from Yorktown. to Iwo Jima have renewed this pledge and paid the price for freedom. Often that price was their lives. The Statue of Liberty symbolizes the goodness. the opportunity. and the freedom of America. I am proud of the United States. and I thank God daily that I was born an American. May we all. young and old. rich and poor. black and white. pledge ""our lives our fortunes. and our sacred honor"" to defend and advance the cause of mankinds greatest hope the United States of America.","Democrat","(-3.946, -1.974]",1989,0
223,-0.2,2.2,2.4,-1.9417398,11,5,"people with no army. no navy. no air force. no nuclear weapons? And yet they were. He pointed with pride to the fact that the Kaunas Cathedral was now being restored for religious services. and the same was true in Vilnius. Cathedrals decimated by the Communists and made into museums of atheism. were being restored. as was the hope and faith of the people of Lithuania. Then a year ago. Lithuania had a chance to announce its independence. but not without pressure from the Soviet Union. The dying gasp of the Kremlin and the Communists inflicted on that tiny nation. and Latvia and Estonia as well. were unspeakable crimes. innocent people killed in the streets. an embargo on the necessities of life. tanks rolling through the streets. the cobblestone streets of Vilnius and Riga. The Soviets were trying one last time to stop Lithuanian independence. Blood was shed. Innocent people","Democrat","(-3.946, -1.974]",1991,0
224,-0.6666666666666666,2.6666666666666665,3.3333333333333335,-2.921247,11,9,"Mr. Speaker. I thank my friend and colleague. the gentleman from Texas. for yielding time to me. Mr. Speaker. I am appalled. We knew that the extreme Republicans made promises to their special interest friends. We knew that the NRA has too much influence over this Republican Congress. But I could not believe that it was this bad. I could not believe that that this body would endanger innocent lives. Republicans say they want to fight crime. Instead. they fight to put military weapons into the hands of common thugs. This bill means that more police officers will sacrifice their lives to defend our homes our neighborhoodsour communities. This bill means that more innocent children will be gunned down in our Nations streets. Our families will give their lives to pay the debt Republicans owe their special interest friends. The NRA and their money cannot bring back the lives that will be lost sacrificed to their extreme agenda. Reject this radical. this dangerous. this sick. and obscene proposal. These weapons are weapons and tools of death. violence. and destruction. Reject this proposal.","Democrat","(-3.946, -1.974]",1995,0
225,-1.8,2.4,4.2,-2.6689262,11,5,"leaders in great business and industry. We are here as leaders of our faith. But we gather here not in greatness. but in humbleness. and to give thanks. To remember that it is only through the grace of our Almighty God that we serve our fellow man. On this occasion. I hear again the words of Abraham Lincoln. He said ""I have been driven many times to my knees by the overpowering conviction that I had nowhere else to go. My own wisdom and that about me seemed insufficient for the day."" Mr. President. First Lady Hillary. Congressman Barrett. Mr. Vice President. Mr. Speaker. all distinguished guests. let us open our hearts and minds and bow our heads in prayer. God Almighty. Lord of all mercy. we your servants from around the world thank you for your goodness and loving kindness. As our lives burst with meaningful events. large and","Democrat","(-3.946, -1.974]",1997,0
226,-0.8333333333333334,2.5,3.3333333333333335,-1.0048504,11,6,"Mr. President. I take 1 minute -because I understand -the Senator from Arizona now is here to move to table. This amendment. I believe. is Seriously flawed. What it will do is keep our troopsnervous and our commanders nervous. because if there is not a vote that occurs on March 31 next year. then no funds can be spent to support our troops. So it really is the worst of all worlds. It attempts to guarantee there will be a vote. Of course. you never can tell what efforts will be made to thwart that. What this amendment says. if there is no vote by a tertain date. the funding is cut. the troops must be withdrawn. the troops will not be supportedif there is no vote. That is a ""keep the troops and commanders nervous"" approach. I think it is a terrible mistake. I hope our last vote. which was overwhelming in this body. will be considered the view of this Senate.","Democrat","(-1.974, -0.00931]",1997,0
227,0.4,3.4,3,-0.30529629999999996,11,5,"about who would sponsor or pay for the session were not available although on the Japanese side officials said the planning was not by the Government. but the leadership of the governing liberal Democratic Party of Prime Minister Toshki Kaifu. It stated. ""several influential party officials are also expected to attend according to Mr. McFarlane and the Japanese newspaper."" By the time I finished this article. warning signals and questions raced through my mind. Recently. I raised questions about the policy debate being tilted to reflect the Japanese viewpoint. I had included in the RECORD the New Republic article by John Judis called ""the Japanese Megaphone."" This article pointed outas did my speech in 1988. ""Who Makes Policy Them Or Us""-the details on how our think tanks. lobbyists and publicists are ""tilting the policy debate about our economic future to reflect Japanese views and not those of the American people.""","Democrat","(-1.974, -0.00931]",1989,1
228,2.6666666666666665,4.166666666666667,1.5,-2.2009456000000003,11,6,"entitled ""Now Let Us End the Cold War at Home. (Article follows:) (From the Plain Dealer. Dec. 19. 1989] Now LET Us END THE COLD WAR AT HOME (By Mike White) Every holiday season we hear a lot about good will and peace on Earth. But this year these words hold a special promise. Not long ago few would have believed that 1989 would see a Polish government led by Solidarity activists. Hungarys Communist Party embracing multiparty politics. or the Berlin Wallthe ultimate symbol of Cold War divisionbecoming a passageway to freedom. For those of us who grew up in the shadow of superpower conflict. the remarkable growth and success of the democracy movements In Eastern Europe has been as astonishing as it has been inspiring. After all. who could have imagined that by 1990 Western Europe would face a siege not by Soviet tanks. but by East German tourists?","Democrat","(-1.974, -0.00931]",1989,1
229,-1.75,2.375,4.125,-1.9293175,11,8,"not lose the option remove the underlying causes of con- of going to war. But by going to war flict in the region. It will not ease our now. we will lose forever the chance to addiction to foreign oil. or reduce the achieve our objectives without war. inequalities of wealth among nations So let us not. in our eagerness to in the Middle East. or promote democ- reassert American power. lose sight of racy. or end the threat of terrorism. or American values. Let us not permit produce a deeper understanding be- our impatience to damage our econotween Israel and the Arab world. We my and end thousands of American know not. therefore. whether this war lives. And let us not. in the name of will resolve anything. whether it will every lesson history can teach. preend war in the Persian Gulf. or serve tend that we can build","Democrat","(-1.974, -0.00931]",1991,0
230,0.4,2.9,2.5,-0.90581816,11,10,"an agreement from the tobacco companies that they would not advertise. That is a key component to curbing youth smoking. not making it seem attractive to smoke. If you are not advertising with the Marlboro Man. it may not be nearly as appealing to smoke. So the tobacco companies voluntarily agree that they are not going to advertise provided a huge part of the balance of this bill. The second part. and what the tobacco companies needed. I suppose. or asked for in order to give up a major right that we could not take away from themtheir constitutional right under the first amendment to advertise. Congress could not pass a law saying they could not advertise. We had to have something to which they would agree. What they wanted was some limitation on the liability in any 1 year. So in the bill that came out of committee. there","Democrat","(-1.974, -0.00931]",1997,1
231,1.4,3.4,2,0.7185521,11,5,"Mr. Chairman. I move to strike the last word. I rise today in strong support of this amendment. It would preserve the Fair Housing Initiatives Program [FHIP]. an important and costeffective tool for fighting housing discrimination in our cities. our suburbs. and our rural communities. Wed like to think that discrimination in the real estate market is a thing of the past. or at least a declining problem. The facts show otherwise. For instance. the Federal Reserve has reported that Latino and AfricanAmerican mortgage applicants in Boston were 60 percent more likely to be turned down for a loan than similar white applicants. In Chicago. 69 percent of white applicants with. marginal credit histories got a mortgage. Only 16 percent of minority applicants g9t the loan. HUD reports that Latinos and AfricanAmericans have at least a 50 percent chance of encountering discrimination in housing sales and rentals. The Fair Housing","Democrat","(-0.00931, 1.955]",1995,1
232,0.8461538461538461,3.076923076923077,2.230769230769231,1.9845988999999995,11,13,"background. and that brings us to today. After a week of debate and amendments as well as the negotiations that preceded floor action. the DoleJohnston substitute has been modified in a nunriber of ways. There are. however. major issues that still distinguish the two bills and recommend support for the GlennChafee substitute. In my mind. there are five major areas of difference remaining. First is the issue of how agencies should use regulatory analysis. We believe that agencies should be required to perform risk assessments and costbenefit analyses for all major rules. These analyses should inform agency decisionmaking -inform agency decisionmaking. They should not unilaterally control those decisions and impose leastcost solutions to every problem. Let us put some common sense into this process. We should not unilaterally control those decisions and impose leastcost solutions to every problem. Second is the question of look back. We believe that agencies should","Democrat","(-0.00931, 1.955]",1995,1
233,0.5714285714285714,3.142857142857143,2.5714285714285716,0.736557,11,7,"I thank the Chair. (The remarks of Mr. MITCHELL pertaining to the introduction of S. 2844 are located in todays REcoRD under ""Statements on Introduced Bills and Joint Resolutions."")","Democrat","(-0.00931, 1.955]",1989,1
234,1.2,2.8,1.6,0.7378633000000001,11,5,"No other amend- The Chair recognizes the gentleman SB ment to the bill is in order except the from New York . as amendments printed in part 2 of there- Mr. LAFALCE. Mr. Chairman. I yield AdJ port. Each amendment may be offered myself such time as I may consume. wo only in the order printed in the report. Mr. Chairman. I am offering this nes may be offered only by a Member des- amendment on behalf of myself and my in ignated in the report. is considered as ranking minority member. Mrs. MEY- per read. shall be debatable under the ERS of Kansas. The amendment is di- run terms specified in report. shall not be rected toward accommodating con- are subject to amendment except as speci- cerns expressed by the gentlelady from so fied in the report. and shall not be sub- Kansas and others about proposed in- the","Democrat","(-0.00931, 1.955]",1993,1
235,1,3.6666666666666665,2.6666666666666665,-0.13305372,11,9,"past month before this Congress. will have a larger effect on consumers pocketbooks. Consumers are promised choice and lower prices. Choice at what cost? Instead of creating competition by lowering prices and improving service. this bill allows the three monopolies to become one giant concentrated monopoly. It allows the 3 major players (cable. long distance. & local telephone) to partner or swallow potential competitors in each others business. The concentration could result in one company controlling the programs content. your local television stations. your cable company. your local telephone company. your long distance company. your local radio station. and your newspaper. Thus. controlling every aspect of access to information a consumer has and obliterate the likelihood of true competition. This bill also promises job creation. I doubt it. Last time I checked. we do not even produce a single television or telephone in our country. In addition. I have very","Democrat","(-0.00931, 1.955]",1995,1
236,2.6666666666666665,4,1.3333333333333333,2.9372272,11,9,"Mr. Chairman. the amendment I am proposing to the LaborHHSEducation appropriations bill would add $100.000 to the Department of Educations program management account so that the Department can expand its Website to include enhanced information on private scholarships and financial aid. I am proposing this amendment along with my New York colleague and good friend. the gentlewoman from New York . In 1992. the Higher Education Act was amended to require the Department to compile a database of all private and public student financial assistance programs. The department conducted a study in 1994 and found that the database would be beneficial because it would create a onestop shopping area where students could access financial aid information through telephone. computer discs. -and online services. However. funding for the program was ended in 1995 and has not been funded since that time. This amendment would simply provide the Department with the necessary","Democrat","(1.955, 3.919]",1997,1
237,2.111111111111111,3.888888888888889,1.7777777777777777,2.928798200000001,11,9,"these materials will ensure that credible Information is readily availble to all industries and the public. Market analyses. intended to accompany the statistics and other information on recyclable commodities. will provide the public and industry Information about opportunities and niches in recyclable commodities on an ongoing basis. Finally. reports to Congress on the current and future recyclable commodities markets will make available lndepth information and will provide an indication as to the need for other steps to assist market development. The legislation requires the Commerce Department to designate. with the assistance of an advisory committee of public officials and industry and public representatives. types and grades of recyclable commodities and standards and test methods for these. This will ensure that uniform standards for recyclable commodities are available for adoption across the Nation. In order for Indusry to adopt machinery to all States and commodities. one body must set standards for","Democrat","(1.955, 3.919]",1989,1
238,1.8571428571428572,3.857142857142857,2,2.7489157000000004,11,7,"safety program. Fifth. increased Federal law protection for railroad safety inspectors. Sixth. a rulemaking to assess the adequacy of current locomotive cab safety and environmental standards. Seventh. a safety Inquiry on FRAs radio standards and procedures. and on the status of advanced train control systems and whether Federal standards are necessary to ensure that they provide for positive train separation and are compatible nationwide. Eighth. Continuation of the Northeast Corridor Safety Committee created by RSIA. Ninth. a progress report on efforts to Improve working conditions in train dispatching offices. Tenth. establishment of new procedures to set monetary damage thresholds for the reporting of railroad accidents. Eleventh. an assessment of the use and effectiveness of total quality management techniques on railroad safety practices. Twelfth. a requirement that railroads report remedial actions taken after notification by FRA that a civil penalty will be recommended for a failure to comply with railroad safety","Democrat","(1.955, 3.919]",1991,1
239,2.25,4,1.75,3.3885942000000004,11,12,"and the confidentiality of health information. and provide consumers with the data they need to compare the value of insurance plans and health services. Basically. our bill sets up a process that moves the health care industry toward a common electronic language for sharing information. The Secretary of the U.S. Department of Health and Human Services is required to adopt standards for health information. but only if those standards already are in use and generally accepted. The Secretary is required to adopt financial and administrative data standards. security standards. privacy standards for individually identifiable health information. and special rules for coordination of benefits. code sets. electronic signature. and unique health identifiers for individuals. employers. health plans. and health care providers. The Secretary is not required to adopt standards for clinical data or information in the SSIONAL RECORD- Extensions of Remarks patient medical record. Financial and administrative data often is handled","Democrat","(1.955, 3.919]",1995,1
240,2.3333333333333335,4.111111111111111,1.7777777777777777,3.1955929,11,9,"the VA to prescribe standards. in consultation with the Department of Health and Human Services [HHS] in order to ensure that VA labs be subject to stringent standards of quality. comparable or exceeding those set under the Clinical Laboratory Improvement Amendments of 1988 [CUA]. This provision provides that the Department of Veterans Affairs would be subject to the June 25. 1.991 same standards as required by section 353 of the Public Health Service Act and that the Secretary shall prescribe regulations to assure consistent performance by medical facility laboratories. Section 304 will simply allow the Secretary of Veterans Affairs to continue to meet the mandate of establishing internal controls over VA labs. while strengthening external controls. Section 304 is necessary to allow the VA to maintain jurisdiction over its own clinical labs while working with HHS to achieve and maintain valid and reliable performance. Quality assurance programs play a critical","Democrat","(1.955, 3.919]",1991,1
241,-1,2.4,3.4,-1.19119,12,5,"to Dr. Avery Aldridge is to emulate his love. his dedication. his humility. and his Christ centered strength. Dr. Aldridge. as a triumphant member of the Communion of Saints. please ask Almighty God to shower His Blessings upon us that we might use our strength to carry out Gods Holy Will.","Democrat","(-4.006, -2.143]",2003,0
242,-1.125,2,3.125,-0.8284716000000001,12,8,"Mr. Speaker. on rollcall vote No. 1060. had I been present. I would have voted ""nay."" On rollcall vote No. 1061. had I been present. I would have voted ""aye."" On rollcall vote No. 1062. had I been present. I would have voted ""aye."" On rollcall vote No. 1063. had I been present. I would have voted ""aye."" On rollcall vote No. 1064. had I been present. I would have voted ""aye."" On rollcall vote No. 1065. had I been present. I would have voted ""aye."" On rollcall vote No. 1066. had I been present. I would have voted ""aye."" On rollcall vote No. 1067. had I been present. I would have voted ""aye.""","Democrat","(-4.006, -2.143]",2007,0
243,-0.16666666666666666,3,3.1666666666666665,-1.9681039,12,6,"with the people of Abu Gandon. took over. by military coups. and ousted Milton Obote. But then Idi Amin tended to. turn on his people. Actually. then. with .the incident in Entebbe where Israel came in to take out its citizens. that is when Idi Amin totally turned very barbaric on his people. murdering them and killing them and maiming them. The Organization of African Unity at that time had a protocol that one nation did not interfere with another nations problems. that although they despise Idi Amin. they said that they would not become involved in another countrys problem. That was one of their founding protocols. But this .was wrong. said President Nyerere. In 1979. in defiance to the Organization of African Unity. President Nyerere sent troops to Uganda in response to this intense suffering of Ugandan people under the brutal dictatorship of Idi Amin. That operation. one of","Democrat","(-4.006, -2.143]",1999,0
244,-1.875,2,3.875,-1.8439233,12,8,"in its wake. We all need to join together to break down the walls of ignorance and to build a community founded on tolerance. justice. and compassion. The allies of hate are not just the perpetrators. Silence and complacency are allies. as well. The enemy of hate is a community and a Congress that does not tolerate hateful messages. words. or deeds. We must take a stand and pass the Hate Crimes Prevention Act of 1999 now. not next year or sometime in the future. but now.","Democrat","(-4.006, -2.143]",1999,0
245,-1.625,2.125,3.75,-2.839789,12,8,"the crisis to the Republic? What is the challenge to our way of life? Where is our belief system being threatened? Are people jumping from behind parked cars. waving burning flags at us. trying to prevent us from getting to work and causing America to grind to a halt? Mr. Speaker. -do we really believe that we are under such a siege because of a few- lose cannons? Do we need to change our Constitution to save our democracy. or are we simply offended? The real threat to our society is not the occasional burning of a flag. but the permanent banning of the burners. The real threat is that some of us have now mistaken the flag for a religious icon to be worshipped as pagans would. rather than to be kept as the beloved symbol of our freedom that is tobe cherished. These rare but vile acts of","Democrat","(-4.006, -2.143]",2001,0
246,1.8571428571428572,3.7142857142857144,1.8571428571428572,-1.1858683,12,7,"In response. A. I would like to do it. and. B. I wonder if people realize how many new lines are being dreamt upI say ""dreamt"" up because unless we get the base going. nothing else is going to happen I hear from colleagues in other States besides mine who say. you know. we could use train service here or there. We have seen something in New Jersey that exemplifies the value of rail service. We had a line open from the southernmost tip of our State to Trenton. our State capital. The ridership. at first. was very low. Before you knew it. we began to see buildings. factories. warehouses. et cetera. being built along the transit way. And now the area is beginning to prosper where it was just dead and nothing was going on. That is what we have seen. There is a lot of talk about something","Democrat","(-2.143, -0.287]",2007,1
247,0.16666666666666666,2.8333333333333335,2.6666666666666665,-2.2980127,12,6,"Mr. Speaker. Im sad to be here this evening. but Im also proud that we can rise on this occasion to join my colleagues in paying tribute to the honor of STEPHANIE TUBBS JONES. Its right that we express the condolences of the House of Representatives. I feel like she was a dear friend to all of us. and I know that I loved her and that so many of my colleagues did. It came as a terrible shock a week ago Tuesday when we found out that STEPHANIE died. but its appropriate that we have this resolution were doing this evening to appropriately honor a devoted American. and STEPHANIE was a devoted American. Congresswoman STEPHANIE TUBBS JONES was a champion for the residents in the Greater Cleveland area. She was a tireless voice for our State of Ohio. She always greeted me with a big smile and. many times.","Democrat","(-2.143, -0.287]",2007,1
248,1.5,3.6666666666666665,2.1666666666666665,-0.7866546999999999,12,6,"Rights Act: In testimony before Congress. Mr. Pryor has urged repeal of Section 5 of the Voting Rights Actthe centerpiece of that landmark statutebecause. he says. it ""is an affront to federalism and an expensive burden that has far outlived its usefulness."" That testimony demonstrates that Mr. Pryor is more concerned with preventing an ""affront"" to the states dignity than with guaranteeing all citizens the right to cast an equal vote. It also reflects a longdiscredited view of the Voting Rights Act. Since the enactment of the statute in 1965. every Supreme Court case to address the question has rejected the claim that Section 5 is an ""affront"" to our system of federalism. Whether under Earl Warren. Warren Burger. or William Rehnquist. the United States Supreme Court has recognized that guaranteeing all citizens the right to cast an equal vote is essential to our democracynot a ""burden"" that has ""outlived","Democrat","(-2.143, -0.287]",2003,1
249,1,4,3,-1.1272950000000002,12,6,"Mr. Speaker. today the majority party will ram through a bill making their tax cuts permanent. but it is not just tax cuts they will make permanent. They will make a $4 trillion raid on the American Social Security trust fund permanent. They will make their $1 billion raid on the Medicare trust fund permanent. They will take their temporary wound to Social Security and make it into a permanent sear. Just when 40 million Americans will be entering Social Security. they will be permanently raiding it for $4 -trillion. They will be doing so as part of an ultimate dream to privatize Social Security and realize what one Republican called the hope that Medicare some day would just ""wither on the vine."" . Mr. Speaker. todays bill ought to be called the ""Permanent Raid on Social Security."" the ""Permanent Injury to Medicare Act of 2002"". and we should reject it.","Democrat","(-2.143, -0.287]",2001,1
250,-0.8333333333333334,2.1666666666666665,3,-1.5180136,12,6,"cut the deficit in half at some time in the future. Multitrilliondollar surpluses to multitrilliondollar deficits. and you would think we were still in a period of surpluses. If you look at this legislation. it is a living. breathing argument that this system is broken. the way we do business. Spending is out of control and we are mortgaging the future of our children and our grandchildren. and there is no way that Medicare and Social Security can be viable when we are amassing these kinds of outrageous processes. I say shame on this body. shame on the appropriators. and shame on us because. on Thursday. we will. after a vote of dissatisfaction. now pass this outrageous spending bill. Americans have heard much about the growing problem of identity theft. We have before us the most costly case of identity theft imaginable. It appears that the big spenders in this","Democrat","(-2.143, -0.287]",2003,0
251,2.3333333333333335,4,1.6666666666666667,-0.29873884,12,6,"extend these provisions. Then in May. when we should have passed these extensions. instead. our Republican colleagues made a choice. Instead of extending the deduction for college tuition or outofpocket teacher expenses. both of which have expired. our colleagues chose to extend tax cuts on something that does not expire for 2 more yearsinvestment and capital gains income. Our colleagues chose to spend $50 billion to extend these tax cuts for 2 more years. when the cost to extend both the teacher outofpocket and college tuition deductions is less than $8 billion. The fact is. we are running out of time. As a hearing last week highlighted. if these extensions are not enacted into law by October 15. it will be too late for the IRS to adhere to them for this tax year. We likely have less than 10 legislative days left in this body. If we do not","Democrat","(-0.287, 1.569]",2005,1
252,0.2,3,2.8,0.10635424,12,10,"to takecredit for. that says we are taking away the privacy of seniors to profit private insurance companies and make it easier for them. Private insurance companies have vast resources. They can find these seniors in other ways. The outreach can be done without violating their privacy. That is what we are talking about here. plain and simple: the privacy of Americas most vulnerable. Many seniors are aged. They are not well. They are at risk in this whole process. and they do not want those telemarketing phone calls. So if we continue with this program. the administration is going to waive those rights. those protections for our seniors. plain and simple. This amendment only restricts the waivers of privacy and an incredible extension of waiving all privacy laws relating to people on Medicare or Medicaid and giving discretion to the Secretary of Health and Human Services to turn over","Democrat","(-0.287, 1.569]",2005,1
253,2.8333333333333335,4.333333333333333,1.5,1.7914455000000002,12,6,"entry positions. assembly line slots. nursing home staffs and many other jobs face a heightened risk of workplace injury if implementation of the new ergonomics standard is halted. A January 2001 National Academy of Sciences (NAS) study concluded that there is abundant scientific evidence demonstrating that repetitive workplace motions can cause injuries. and that such injuries can be prevented through ergonomic interventions. OSHA developed a set of regulations to prevent extensive worker injuries. It is estimated that implementation of these regulations will prevent more than 4.6 million injuries over the next decade and save employers $9.1 billion a year. If S.J. Res. 6 passes the House. OSHA will be barred from issuing comparable protections to protect workers. Our workers need to be protected. The OSHA guidelines will prevent hundreds of thousands of serious injuries each year and spare workers the pain. suffering and disability caused by these injuries. If S.J.","Democrat","(-0.287, 1.569]",2001,1
254,1.1666666666666667,3.5,2.3333333333333335,-0.2353061,12,6,"in my own defense. I appeal to people to -start looking at the real problems that exist in Puerto Rico right now. in terms of that range. I wish there was someplaceelse we could train other than this island of Vieques. When they say it is an inconvenience and it is noisy and it is just 10 miles this is the range. This is where the population is. It is 9.7 miles between here and here. I want to show you. by contrast. if you hold up the other chart. the two red areas are the live ranges that are where? In Oklahoma. Fort Sill. which is an artillery training range. a hot range. When I fly over the area. the controller tells me whethertheir range is hot or not. So there it is. these two ranges. Here is the population of Lawton. OK. So you can see the hot","Democrat","(-0.287, 1.569]",1999,1
255,-0.2,2.4,2.6,0.3830489,12,10,"Your request that you be allowed 5 minutes now. then we go to the bill. and then you be recognized to speak for an additional 10 minutes.","Democrat","(-0.287, 1.569]",2003,0
256,1.1,3.4,2.3,2.43569,12,10,"to have large stockpiles of this handbook. while others only receive a very limited number. I am also told that distribution of the handbook is largely left up to regional and local VA officials. A number of Wisconsin CVSOs have informed me that they are having trouble obtaining adequate supplies of this handbook. and that they often have to rely on VA health care facilities or other sources to obtain additional copies. While I recognize that the handbook is available for download on the Departments Web site and for purchase through the Government Printing Office. GPO. many CVSOs and. veterans service organizations do not have the resources to copy or purchase this handbook in large quantities. In addition. many veterans. particularly older veterans. do not have access toor are unable to usethe Internet and it seems unreasonable to charge them $7 to purchase the handbook from GPO. Veterans who want","Democrat","(1.569, 3.425]",2005,1
257,2.3,4.2,1.9,2.7101947999999996,12,10,"independent. nationally recognized testing or certification program. that the commercial refrigerator. freezer. or refrigeratorfreezer meets the applicable standard. ""(B) The Secretary shall. to the maximum extent practicable. encourage the establishment of at least 2 independent testing and certification programs. ""(C) As part of certification. information on equipment energy use and interior volume shall be made available to the Secretary. ""(f)(1)(A)(i) Except as provided in clause (ii). section 327 shall apply to automatic commercial July27. 2005 ice makers for which standards have been established under section 342(d)(1) to the same extent and in the same manner as the section applies under part A on the date of enactment of this subsection. ""(ii) Any State standard issued before the date of enactment of this subsection shall not be preempted uAtil the standards established under section 342(d)(1) take effect. ""(B) In applying section 327 to the equipment under subparagraph (A). paragraphs (1). (2).","Democrat","(1.569, 3.425]",2005,1
258,3,4.333333333333333,1.3333333333333333,2.432919,12,6,"the permanent repository is Yucca Mountain. It has been designated by Congress as the only site for study. It is located on dry Federal desert land. It is adjacent to the Nations nuclear testing site where hundreds of nuclear weapons have been exploded. The bill establishes a schedule for decisions on the adequacy of Yucca Mountain as a repository which will allow the parties to comply with the Idaho Settlement Agreement. The bill also deletes the 70.000 metric ton uranium cap which had been imposed on the repository. Removal of this cap allows one geological repository to be capable of handling the nations inventory of spent fuel and highlevel waste instead of multiple repositories. The bill allows the Nuclear Regulatory Commission and National Academy of Sciences to give input on the scientific validity and protection of the public health and safety provided by the proposed Environmental Protection Agency radiation standard.","Democrat","(1.569, 3.425]",1999,1
259,1.3636363636363635,3.5454545454545454,2.1818181818181817,1.4727275,12,11,"the hybrid electric technology research. and $75 million per year over the next three years for advanced combustion engine research and development. Finally. the BondLevin amendment requires the Federal Government to purchase advanced technology vehicles. beginning in 2005. Hybrid vehicles must be purchased or leased for light duty truck fleets and alternative fuel vehicles must be purchased or leased for passenger car fleets. We can have both energy conservation and job conservation. But it cannot be done by changing a number. It will take innovative solutions. improved technology. and the setting of realistic. achievable goals. The BondLevin amendment accomplishes these goals. I urge my colleagues to join me in supporting the BondLevin amendment. Thank you.","Democrat","(1.569, 3.425]",2003,1
260,3.1666666666666665,4.5,1.3333333333333333,2.3861107999999995,12,6,"The Clerk will designate the amendment. The text of the amendment is as follows: Amendment No. 2 offered by Mr. LAZIO: Page 10. strike lines 17 and 18 and insert the following: ""(A) include support during the Initial teaching experience. such as mentoring programs that""(i) provide mentoring to beginning teachers from veteran teachers with expertise in the same subject matter that the beginning teachers will be teaching. and ""(1i) provide mentors time for activities such as coaching. observing. and assisting the teachers who are mentored. and ""(iii) use standards or assessments for guiding beginning teachers that are consistent with the States student performance standards and with the requirements for professional development activities under section 2033."". Page 12. after line 4. insert the following (and redesignate any subsequent provisions accordingly):","Democrat","(1.569, 3.425]",1999,1
261,-0.6666666666666666,2.5555555555555554,3.2222222222222223,-2.1226237,13,9,"Mr. President, like millions of people across the country, I watched the hearing yesterday with a mix of so many strong emotions. First, I watched Dr. Ford with tears in my eyes. She was so brave, so compelling, so real. The memories that she recounted the memories that she will never forget were heartbreaking: the living room, the stairs, the bedroom, the music turned up loud, the bed, Brett Kavanaugh drunk and on top of her, the feeling she had when he covered her mouth to stop her from screaming, the raucous laughter between Brett Kavanaugh and Mark Judge. She remembered the way she felt it then and told it now: two boys laughing and having a good time while a scared 15-year-old girl lay pinned down on a bed, worried that she may die; the bathroom, listening for Brett and Mark to leave, hearing them bounce off the walls","Democrat","(-4.356, -2.409]",2017,0
262,-0.8571428571428571,2.7142857142857144,3.5714285714285716,-2.5952206,13,7,"Mr. Speaker, I rise because I love my country. Mr. Speaker, because I love my country, I rise to thank those who voted to reject bigotry, racism, xenophobia, ethnocentrism, sexism, and hatred in all of its forms, Mr. Speaker. I rise to thank them for what they did when they voted to reject these things. Mr. Speaker, because I love my country and because I cannot accept these things, I refuse to accept hatred. I refuse to acquiesce to any forms of bigotry. Mr. Speaker, because I rise to reject these things, I now announce that before Christmas there will be a vote on the chief inciter of racism, bigotry, hatred, xenophobia, sexism, ethnocentrism; there will be a vote in the U.S. House of Representatives, Mr. Speaker, on the impeachment of the President. Mr. Speaker, this vote will take place before Christmas because there still is a need for the","Democrat","(-4.356, -2.409]",2017,0
263,1.1666666666666667,3.5,2.3333333333333335,-2.664859,13,6,"Mr. President, Donald Trump is the Republican Presidential nominee. Let's think about that the party of Abraham Lincoln, Theodore Roosevelt, and many other Republicans, such as Ronald Reagan and Dwight Eisenhower. The party of these great people nominated a misogynistic, anti-Latino, anti-Muslim, and anti-immigrant xenophobe. The party of Teddy Roosevelt nominated a billionaire con man who scams working people. Donald Trump represents everything that Americans detest about a system that is rigged for the super-rich. Here is a person who was born into immense wealth, but he uses his father's fortune to rip people off and intimidate those who speak out against his shady business practices. Here is a person who was gifted with the resources to make a difference in the world. He could be doing many things to improve the lives of working Americans. Instead, he has only worked to build his own celebrity, his own brand. He","Democrat","(-4.356, -2.409]",2015,1
264,-1.4285714285714286,2.142857142857143,3.5714285714285716,-2.6286788,13,7,"and. in the names of all of those who have suffered so mercilessly at the hands of ISIL. we will defeat it. Violence. intolerance. and repression are no match for liberty. equality. and fraternityliberte. egalite. and fraternite. I stand today in solidarity with the people of France and the people of all nations who would choose freedom over tyranny.","Democrat","(-4.356, -2.409]",2015,0
265,-1.6666666666666667,2,3.6666666666666665,-2.6568308,13,6,"ought to have the right to respond to the people of this country. The minorityI would be in the minority at that timeI think the minority ought to have the right to be heard. we ought to have the right to debate. we ought to have the right to amend. but we should not have the right to totally obstruct. I am not afraid. People say that the tea party in the Housethey are going to do all this stuff. I am sorry. I am not afraid. The people voted. There ought to be things that happen because people vote a certain way. No wonder so many people are frustrated. They vote. they think things are going to happen. they dont happen. and they say: A pox on both your Houses. So. yes. I dont know why we should be so afraid of each other. Why should I be afraid","Democrat","(-4.356, -2.409]",2011,0
266,0.75,2.875,2.125,-1.6711721000000002,13,8,"his iPad. one after the other. of the children he treated in Syria. These children are the victims of barrel bombs by President Assad and now of Russian bombing. He goes to communities where people are literally starving to deathstarving to death in the year 2016in Syria. He shows me their emaciated bodies until I turn away and cant look at it anymore. I say to my colleagues in the Senate who follow this debate and know what we are voting onthe Syrian crisis we face today. I would argue. is the most serious humanitarian crisis of our time. What is happening to these people is unimaginable. A few months ago I joined several of my colleagues and we went to an island in Greece called Lesbos. This is the stopping point for the refugees. Once the Syrian refugees have gone through Turkey. they cross a span of 8 to","Democrat","(-2.409, -0.471]",2015,1
267,-1.5,1.7,3.2,-1.5122826,13,10,"That is the part I want to inquire about. Lets just say hypothetically. if the Army Corps of Engineers succumbed to what the Senator is asking and said: OK. you are going to hold up this brave soldiers promotion that he deserves because you want something for your Stateif they did that. would that not be illegal?","Democrat","(-2.409, -0.471]",2009,0
268,-0.8571428571428571,2.7142857142857144,3.5714285714285716,-1.3806151000000002,13,7,"protected. This is sad. I have tried to protect Gold Butte for a long time, and the reason we haven't been able to do anything up to this point is that the Bundy boys and their pals kept everybody off of that property, and that is why I am grateful for the Antiquities Act. Because of this legislation, the Bundys are in jail. I will reach out to the White House and there is no guarantee we will get it done, that's for sure to see if President Obama will protect this area. He has the authority, as any President does, to stop this sort of destruction and stop it now. Threats to our public lands are threats to our economy, our environment, and our culture. When we preserve our lands, we preserve America, and that is what we are trying to do: Preserve this beautiful place. I say again: Is this worth protecting and preserving? Of course it is. Mr. President, please announce the Senate business of the day.","Democrat","(-2.409, -0.471]",2015,0
269,1.7,3.6,1.9,-2.1512136,13,10,"bargain. His toupee caught fire in the Shea Stadium press box in New York on opening day 2003 after he got too close to an overhead space heater. They kidded him about that for the next 6 years. What a goodnatured man he was. to take that kidding and to just go on and say: Lets get back to the gametypical of a great fellow with a great sense of humor who doesnt take himself too seriously. Ron Santo was considered for entry into Major League Baseballs Hall of Fame an astonishing 19 times. The last time was 2008. Sadlywrongly. in my viewhe never made it to Cooperstown. But he took that disappointment the same way he took so many other bad breaks in life. with dignity and grace. In September 2003. the Cubs retired Ron Santos number. 10. It now hangs at Wrigley Field along with the numbers of","Democrat","(-2.409, -0.471]",2009,1
270,0,2.6,2.6,-1.3202503,13,5,"Mr. Speaker, I rise today to celebrate and honor a truly dedicated public servant and friend, Congressman Sam Farr. I have had the honor of working alongside Congressman Farr for 17 wonderful years. Throughout these many years, I have personally seen his passionate advocacy for the beautiful central coast, the great state of California, and our nation. As many of us know, Congressman Farr joined the Peace Corps in 1964 and brought his passion for social and economic justice and world peace with him to Congress. Since then, he has never shied away from fighting for what is right and what is just. As our Ranking Member of the Agriculture Appropriations Subcommittee, Congressman Farr is a fierce and strong advocate for programs serving low-income populations, rural infrastructure and development, and food safety and nutrition. As longtime advocates to normalize relations with Cuba, we had the pleasure of witnessing history together","Democrat","(-2.409, -0.471]",2015,0
271,0,3.1666666666666665,3.1666666666666665,-0.38823646,13,6,"lives of the American people at risk, and inaction now will only be more costly in the long run. We are delaying medical research for a cure for Zika. We are delaying funding for our communities to fight Zika. We need to work with a sense of responsibility for the health and welfare of our Nation and approve the funds that are necessary to prevent Zika from spreading in our country.","Democrat","(-0.471, 1.468]",2015,0
272,0.6666666666666666,3.3333333333333335,2.6666666666666665,0.6289452,13,6,"offer an amendment to the rule that would require the House to consider the bipartisan no fly. no buy legislation which would bar the sale of firearms and explosives to those on the FBIs terrorist watch list. My amendment would not prevent the House from considering either of the underlying measures of this rule. It would simply give the House an opportunity to finally vote on keeping terrorists from assembling arsenals of weapons legally in our country. Mr. Speaker. we cant wait any longer for Congress to take meaningful action. Mr. Speaker. I ask unanimous consent to insert the text of the amendment in the RECORD. along with extraneous material. immediately prior to the vote on the previous question.","Democrat","(-0.471, 1.468]",2015,1
273,-1.3333333333333333,2.1666666666666665,3.5,-1.8398364,13,12,"have access to that market. We will then fall behind them. We can compete with anybody in the world. This is the greatest country in the world. Lets not lock ourselves out of the market in Russia. Lets not put ourselves behind our competitors. Heres an opportunity for us to come together. You heard earlier this morning my friend and colleague. DAVID DREIER. bringing folks together. talking about how we can do this together with the President of the United States. who has an export initiative. to create more jobs. Here we can demonstrate to the American people that were concerned about creating jobs. and that were going to make sure that we take advantage of that opportunity by bringing PNTR for Russia immediately. getting involved. and trading with them to create jobs right here in the good old United States of America.","Democrat","(-0.471, 1.468]",2011,0
274,1.125,3.125,2,-0.90228367,13,8,"Mr. Speaker. I thank the distinguished chairman for recognizing me. The 75th anniversary of the East Bay Regional Park District really goes back to the early grassroots days of actually the Depression. when people in our district banded together in that time to organize and tax themselves to create this district. These parks are owned by everyone. In the Great Depression. they created the district and the Civilian Conservation Corps. and the WPA were the initial workers in these parks. It would be remiss for me not to recognize general manager Pat OBrien. who has worked so hard to keep these parks open. In my district. you can move from the hills of Freemont to the crown park in Alameda. to the hills behind Oakland and never be beyond walking distance of these marvelous parks. So it is a compliment to the chairman. and I would like to join with him in recognizing the importance of our regional park district. and thanking the local people in hopes that others may follow suit.","Democrat","(-0.471, 1.468]",2009,1
275,1.6,4,2.4,1.1328001,13,5,"Bill was one of the people who founded a highly effective coalition between the machinists, flight attendants and pilots. In 1987, Bill became the Assistant Business Manager for the Santa Clara and San Benito counties Central Labor Council. He developed and implemented a public policy program for 100 affiliated unions. In 1989, he became Deputy Executive Officer for the Santa Clara and San Benito Building and Construction Trades Council where he was responsible for public policy, corporate research, and the monitoring of construction contractors and projects. Within a year, he was tapped for the top position at the Building and Construction Trades Council of San Mateo County and became Business Manager/Executive Officer. He was ideally qualified to advocate for environmentally and socially responsible projects utilizing top-quality labor, materials and construction methods. He led a vibrant council of 26 unions and 14,000 justifiably proud, middle-class workers. In addition to his impressive","Democrat","(-0.471, 1.468]",2015,1
276,1.0833333333333333,3.75,2.6666666666666665,2.6642132000000003,13,12,"Mr. President. I rise to congratulate Peter H. Fontaine and Theresa A. Gullo for 25 years of outstanding service to the Congress as staff at the Congressional Budget Office. My colleagues understand the important work done by CBO. providing Congress with highquality. objective. nonpartisan. and timely analyses. The success of CBO and the respect it has built up over the years is the result of the hard work and dedication of employees such as Mr. Fontaine and Ms. Gullo. Mr. Fontaine started at CBO in February 1985 as an analyst for energy issues in the Natural and Physical Resources Cost Estimates Unit in the Budget Analysis Division. He was promoted to unit chief of the Natural and Physical Resources Cost Estimates Unit in 1995. to deputy assistant director for budget analysis in September 1999. and to assistant director for budget analysis in August 2007. where he oversees the staff who","Democrat","(1.468, 3.407]",2009,1
277,-0.4444444444444444,2.6666666666666665,3.111111111111111,2.0355392,13,9,"Mr. Chairman, I support the amendment offered by the gentleman from Nebraska. This amendment would require the Comptroller General to conduct a study on the current and future supply of individuals for the U.S. aviation workforce. The study would review the current state of our aviation workforce as well as barriers to entry. A strong and robust aviation workforce will ensure the U.S. remains the global leader and innovator in civil aviation; therefore, I support this amendment. Mr. Chairman, I yield back the balance of my time.","Democrat","(1.468, 3.407]",2017,0
278,0.2857142857142857,3.142857142857143,2.857142857142857,2.3254523,13,7,"passage of an amendment that the gentleman from Arizona is expected to offer. It will require the issuance of these grants to be competitive and riskbased. The allocation of scarce Federal funds. specifically those from TSA. should be based on risk. Section 102 of the bill actually requires TSA to report to Congress on the extent to which it is allocating transportation security resources on the basis of risk. The bill. Mr. Speaker. also is forwardlooking and makes great strides. most notably with respect to biometrics. During the recess. I had the opportunity to observe how other countries are using biometric technology to increase security. I -strongly believe that greater deployment of biometric equipment can help to address some of our most vexing security challenges. This is why I am pleased to include a -provision authorizing the development of a biometric system for law enforcement officers who fly armed. This","Democrat","(1.468, 3.407]",2009,1
279,1.875,3.75,1.875,3.0239835,13,8,"Mr. Speaker, I yield myself such time as I may consume, and I rise in strong support of H.R. 2770, the Keeping Our Travelers Safe and Secure Act. Mr. Speaker, last May, the Department of Homeland Security inspector general released a report with a blunt and revealing title: ``The Transportation Security Administration Does Not Properly Manage Its Airport Screening Equipment Maintenance Program.'' The report revealed that TSA lacks strict policies and procedures for maintaining critical screening technology, including x-ray machines and explosive detection equipment. The consequences of this deficiency could be severe. First, as the inspector general's report noted, the lack of regular maintenance reduces the life of screening equipment, which means TSA would have to incur the cost of new equipment. That is a problem for American taxpayers. Even more importantly, the inspector general also noted that, if screening equipment becomes less than fully operational, TSA will be forced","Democrat","(1.468, 3.407]",2015,1
280,2.4615384615384617,4.3076923076923075,1.8461538461538463,2.726296,13,13,"for our country. and must be prevented. In 1998. Congress passed a threeyear bill authorizing HAB and hypoxia research programs. with a focus on the ""dead zone"" in the Gulf of Mexico and Pfiesteria in the Chesapeake Bay. The Act was reauthorized in 2004. and added freshwater. such as the Great Lakes. as an important area for HAB and hypoxia research. It also increased the participation of local resource managers in developing HAB and hypoxia research plans. ensuring that the research was prioritized to address the questions facing people working with HABs and hypoxia on a daily basis. Also. the bill required that all research funding be administered through a competitive. meritbased. peerreviewed process. The amendments we are considering today strengthen the algal bloom research activities at NOAA and the Environmental Protection Agency (EPA). and improve the communication and coordination between the many federal. state and local stakeholders. The bill","Democrat","(1.468, 3.407]",2009,1
281,1.4285714285714286,3.7142857142857144,2.2857142857142856,-2.1807754,14,7,"from the darkest corners of the internet to spread hate and lies. QAnon isn't some harmless distraction. It is an extremist ideology that exploits children and opens the door to real-life violence. That is what we are talking about here: reality versus delusion; political discussion versus political violence. Just ask the sponsor of this resolution, Congressman Malinowski. In an interview that was published yesterday, he talked about the death threats and hundreds of hate-filled attacks sent to him from QAnon supporters after introducing this bill. He is not the only Member of Congress who has been targeted. Sadly, there are candidates across the country running to serve in Congress who peddle this trash. It is sick; it is wrong; and it is dangerous. It is frustrating that the President wouldn't condemn QAnon. He says they like him. But, then again, I never thought I would see the day when a","Democrat","(-3.719, -2.035]",2019,1
282,-1.2857142857142858,2.142857142857143,3.4285714285714284,-2.596895,14,7,"another stranger, a foreigner helped another foreigner, the Good Samaritan. Love thy neighbor as thyself, show mercy. On that very same day, coincidentally, ironically, sadly, whatever adverb you want to use, the President was instituting raids into the homes of families. I went to Spanish mass this weekend and saw the dignity of those families, the beauty of the children, and the fear that the President had struck in their hearts, as we were listening to the Gospel of the Good Samaritan to show mercy and love thy neighbor as thyself. That very same day, unfortunately, there were those who were not informed by that Gospel. So here we are later in that day, it was stunning to hear the words that were used, go home, to some of our colleagues, the same words that were used to so many people in our country whether because they weren't born here","Democrat","(-3.719, -2.035]",2019,0
283,0.16666666666666666,2.6666666666666665,2.5,-1.4330923999999998,14,6,"embraced conspiracy theories and outright lies. The January 6 insurrection occurred because these lies and let me repeat: lies were a call to action for White supremacists and other domestic extremists. As someone who grew up in Danville, VA, the last capital of the confederacy, I have seen Confederate flags before a lot of them but I never expected to see any of them in this Capitol or in this Chamber. On January 6, the former President incited a mob at the National Mall, and he sent them to attack this Capitol. He lit a match, fanned the flames of violence, and did nothing to extinguish the fire. He was deservedly impeached for the second time for this heinous offense against our Constitution, which he was sworn to defend. One year later, I am standing in this sacred Chamber, thanks in large part to the heroism of countless officers from","Democrat","(-3.719, -2.035]",2021,1
284,1.6,3.6,2,-2.2147644,14,5,"Bridge. All in Congress are aware of the Edmund Pettus Bridge because the Honorable John Lewis was here, and we all know his story of what happened at the Edmund Pettus Bridge. John Lewis and I were friends. The Honorable John Lewis and I were friends. We went to jail together several times. We talked to each other while we were in jail. John Lewis was in jail the same as he was with us. He was a wonderful, marvelous person, and I miss him. I believe we do, all of us. But I remember him explaining how you cannot tolerate injustice. You can't. Those who tolerate injustice perpetuate injustice. Some things bear repeating. Those who tolerate injustice perpetuate injustice. This gathering at the Edmund Pettus Bridge was about people who were no longer going to tolerate injustice. They made their minds up. If you have ever been to the","Democrat","(-3.719, -2.035]",2021,1
285,-1.0909090909090908,2.272727272727273,3.3636363636363638,-2.2090745,14,11,"want to be clear that this violent language is about power. It is about power. It is about exerting power. It is about wielding power over people. It is about fear of people who may well be smarter than you, harder working than you, and more dedicated to achieving justice than you. It just may be that. It may be that fear. It is about diminishing and disrespecting when you have no other tools to do so. And it is not new. Madam Speaker, you were right here managing time on this floor when I, as a new Member of Congress, was told by one of my Republican colleagues that I was a young lady, and I didn't know a damn thing about what I was talking about. You were right here managing the time for our side, and you helped me through that moment. Thank you. And I did","Democrat","(-2.035, -0.358]",2019,0
286,2.3333333333333335,4.166666666666667,1.8333333333333333,-1.0467353,14,6,"Following his military service, Charles worked as a railroad claims agent and ran a wholesale produce business. His fruit baskets were legendary in the area and he was referred to as the ``Basket King.'' He is a lifelong member of the VFW (Veterans of Foreign Wars) and the DAV (Disabled American Veterans). After retiring at age 70 and relocating to Florida, he joined DAV Chapter 133 in Pompano Beach. Charles is known as a generous man who has supported many charities over the years. Charles is also a family man with a loving wife Anita, two children, 7 grandchildren and 9 great-grandchildren. Despite knee replacement and back surgeries, Charles still gets around quite well at age 99. Not surprisingly, he is a fan of the Boston Red Sox and the New England Patriots, and enjoys watching their games on television. His other hobbies include following the stock market, swimming and dining out. Madam Speaker, today I am pleased to honor Mr. Charles DiMatteo and his service to his country and his community. Happy Birthday, Charles.","Democrat","(-2.035, -0.358]",2019,1
287,-2.125,1.625,3.75,-2.1172112999999997,14,8,"that we had on the long car rides, bouncing around ideas, occasionally a passionate debate on something that was important to Mary. She always recognized like Patton, Mary knew that an Army marches on its stomach. She generously stocked our car with apples and oranges and fruits and every manner of snacks some healthy, some perhaps not so healthy as we drove around Oregon. Let me tell you something, when Mary Gautreaux saw hungry folks as we made our way through the State of Oregon, what she did along the way is made sure the car because she didn't want anybody to go hungry got a whole lot lighter because she gave away so much healthy food to hungry folks who were hurting. No task seemed trivial or thankless. I will tell you, when you rode around in a car with her and, you know, most of the time in","Democrat","(-2.035, -0.358]",2019,0
288,-0.5714285714285714,2.4285714285714284,3,-1.2507579,14,7,"The Trump administration's own Department of Labor warned us that these proposals, which would pay a percentage of a worker's former wage, are patently unworkable. It will take weeks and months if we adopt the Republican proposal before any checks wind up in the hands of millions of Americans, and our State unemployment offices that administer this program agree. So Republicans need to step up to the plate and work with us to find a solution that shields millions of jobless Americans from further economic hardship. State, local, and Tribal governments have fought this evil virus on their frontlines with budgets strained. They are at risk of shedding teachers, firefighters, bus drivers, sanitation workers, slashing public services. My good friend Senator Carper is leading a group of Democratic Senators to talk about these issues today because Senate Republicans and the White House do not believe in giving support to our","Democrat","(-2.035, -0.358]",2019,0
289,2,3.8,1.8,0.06647313,14,5,"Mr. Speaker, I thank the gentlewoman from Georgia for her leadership on this issue and for being here tonight to talk about those defrauded students who are being hurt and suffering around this country and whose voices are not being heard here in Congress. I also rise to talk about the college affordability crisis in our country. Next week, freshmen in college and their families will be faced with their first tuition bill. According to the National Center for Education Statistics, the average cost per year is just over $19,000 for a public 4-year university and nearly $40,000 for a private university. The price tag for postsecondary education is spiraling out of control, and the cost of college is increasing at a rate almost eight times faster than wages. Today, nearly 43 million Americans that is one in six adults have Federal student loan debt. The Federal student loan portfolio","Democrat","(-0.358, 1.32]",2019,1
290,3.125,4.75,1.625,0.9878214,14,8,"1970 report indicated that prior to 1968, no Black farmer had ever been elected to any former Agricultural Stabilization and Conservation Service committee at the county level in the South. In 1970, two out of more than 4,100 committee members in the South were Black farmers, even though there were 58 counties in the South, where Black farmers comprised a majority of the farm operator population. It is hard to view as coincidence then that half a million Black-owned farms in the U.S. failed between 1950 and 1975. In 1982, the United States Commission on Civil Rights issued another report on the rapid decline of Black-operated farms. The report noted that between 1970 and 1980, the Black farm population declined 65 percent, compared to a 22 percent decline in the white farm population. The report also documented numerous discrimination complaints filed against USDA field offices regarding the administration of farm","Democrat","(-0.358, 1.32]",2021,1
291,2.4285714285714284,4.428571428571429,2,0.04812497,14,7,"for America's moral leadership on the world stage. That is why, 6 weeks ago, in a bipartisan fashion, the Senate came together to approve an unprecedented 22 separate bipartisan resolutions of disapproval. That is why 5 weeks ago, the Committee on Foreign Relations approved my bipartisan bill the Saudi Arabia False Emergencies, or SAFE Act to prevent similar abuses of emergency authority in the future. That is why, 3 weeks ago, the House passed several amendments to their National Defense Authorization Act to stop these same arms sales, and, 2 weeks ago, the House passed three of the Senate joint resolutions of disapproval and sent them to the President. It is the first time, since 1988, that any such resolution has passed the Congress, and it is the first time multiple resolutions of disapproval had done so. Finally, just last week, the Foreign Relations Committee approved on a bipartisan vote","Democrat","(-0.358, 1.32]",2019,1
292,1.5,3.5,2,0.46306324,14,6,"Mr. Speaker, I thank the gentleman for yielding. Mr. Speaker, on Tuesday, the House will meet at 12 p.m. for morning- hour debate, and 2 p.m. for legislative business, with votes postponed until 6:30 p.m. On Wednesday and Thursday of next week, the House will meet at 10 a.m. for morning-hour debate, and 12 p.m. for legislative business. On Friday, the House will meet at 9 a.m. for legislative business, and last votes are expected no later than 3 p.m. We will consider several bills under suspension of the rules. The complete list of suspension bills will be announced by the close of business tomorrow. The House, Mr. Speaker, will consider a clean continuing resolution to fund the government past September 30. While the House did its work, and sent 10 appropriation bills to the Senate, funding 96 percent of the government the first time that is been done in","Democrat","(-0.358, 1.32]",2019,1
293,3.2,4.6,1.4,1.9364091,14,5,"and a Doctor of Education in Child Development and Guidance from Teachers College at Columbia University, where he developed a friendship with W.E.B. Du Bois. Through his years of education, Dr. Gordon became an expert in child development and devoted his career to uncovering and remedying the issues and challenges faced by non-white students in American schools. He was one of the first scholars to observe the ``achievement gap,'' or the disparity in measurable academic performance among students from different socioeconomic and racial backgrounds. He was one of the first to argue for the importance of understanding students' unique perspectives and contexts to provide the best educational support possible, preemptively advocating for affirmative development in academic ability and supplementary education to improve the academic outcomes for diverse learners. Professor Gordon has been widely recognized as one of the leading Black psychologists of his time. His work has shaped our current","Democrat","(1.32, 2.997]",2021,1
294,1.8571428571428572,3.7142857142857144,1.8571428571428572,2.1152667999999997,14,7,"comfortable returning to work, schools, restaurants, or businesses at pre-pandemic levels. And until we have a robust national testing and contact tracing system in place, we cannot begin to fully stem this pandemic. The Heroes Act commits another $75 billion for testing, tracing and treatment. It also commits another $20 billion to procure vaccine testing and vaccine candidates to prevent the spread of COVID-19, including a bill I authored that requires the Department of Health and Human Services to create a plan to distribute and administer vaccines to stop the spread of COVID-19 once such vaccines are developed and authorized. We can't just work to prevent the spread of the disease, though. We must also find creative ways to ensure health care is accessible for every American who might need it. No family should have to choose between putting food on the table or accessing COVID- 19 treatment. It's not","Democrat","(1.32, 2.997]",2019,1
295,2.125,4,1.875,1.6850822,14,8,"Madam Speaker, I rise today to honor the service of a remarkable individual, Dr. Mauda L. Monger. Dr. Mauda Monger is a native of Jackson, Mississippi. She has a Bachelor of Arts in Economics/Business Administrations from Tougaloo College, and a master's degree in Public Health, Health Policy & Management, and most recently, her doctoral degree in Higher Education Leadership from Jackson State University. With more than 16 years of experience in HIV/AIDS, Monger has presented on both the local and national level. Her experience spans technical assistance and curriculum development and facilitation. Her presentation style is both personable and innovative with a structure that is focused on eliminating health disparities. Dr. Monger has provided training to health care professionals in various settings to include primary care, Ryan White, federally qualified health centers and social services. Her key areas of focus are to build effective relationships between community and clinical partners","Democrat","(1.32, 2.997]",2021,1
296,2,3.5555555555555554,1.5555555555555556,1.4641478,14,9,"Mr. Chairman, the Food and Drug Administration is working to increase the participation of people in racial, ethnic, and other minority groups in the clinical trials that test new medical products. So I would indicate that this particular amendment is to give greater focus to ensure that we have access to these individuals. Again, diabetes in minority communities is surging. The difficulty of getting access to insulin is also a conspicuous medical concern. But certain medical illnesses have been known to have a higher prevalence in certain demographic groups, including Type 2 diabetes, lupus, sickle cell anemia, and triple-negative breast cancer. This particular amendment is, of course, helping to end, or to work on improving the access at this time. Mr. Chairman, I yield 1 minute to the gentlewoman from Connecticut (Ms. DeLauro).","Democrat","(1.32, 2.997]",2019,1
297,-2.7142857142857144,1.4285714285714286,4.142857142857143,-2.1021767,0,7,"I never engage in mockery of my Divine Maker. and it would be utter folly to pray against a Democratic administration.","Republican","(-4.975, -2.845]",1885,0
298,-2.727272727272727,1.3636363636363635,4.090909090909091,-0.9102575,0,11,"The Senator must see that a mistake has been made there.","Republican","(-4.975, -2.845]",1883,0
299,-1.5,1.5,3,-2.7702394,0,8,"Oh. lam not a millionaire. and do not pretend to be. [Laughter and applause on the Republiqan side.]","Republican","(-4.975, -2.845]",1887,0
300,-1.9,1.2,3.1,-0.02404764299999999,0,10,"I do notlike to haveit socalled becauseit might creep into the statutes some time.","Republican","(-4.975, -2.845]",1887,0
301,-2.6666666666666665,1.5555555555555556,4.222222222222222,-0.60462594,0,9,"Either the Senator is misinformed about that or I am. The bill to which he refers-","Republican","(-4.975, -2.845]",1887,0
302,-2.2222222222222223,1.3333333333333333,3.5555555555555554,-0.518617,0,9,"The Senator. I imagine. will be careful not to misrepresent what I said. I have in no wise intimated that -we ought to be careful how we amend it.","Republican","(-2.845, -0.724]",1885,0
303,-0.16666666666666666,2.6666666666666665,2.8333333333333335,-0.5608571,0,6,"soldiers. That is another paradox. I suppose we could remove the insult and they would accept our apology if we should refuse to pay. The Senator from West Virginia suggested that the silver in the Treasury should be used for this prpose! Suppose this eight million should be used for the payment of the pensioners claims. why is not the silver in the Treasury available for the redemption of these legaltenders when they are put in circulation ? I repeat what I have said before. that this money has been obtained for the Treasury by the sale of bonds. it is lying there as idle and dead capital. and we are called upon by the Secretary of the Treasury to meet this which he calls an excessive appropriation either by the imposition of additional taxes or by the sale of additional bonds. If this resumption policy of ours stands upon so nice a point that the issue of this $8.000.000 which belongs to us is to disturb it. for Heavens sake let us abandon it and build up one on a more solid foundation that will rot be disturbed by the very breath of the air.","Republican","(-2.845, -0.724]",1879,0
304,-0.2,2.4,2.6,-0.4375494,0,5,"other. The same thing has been done in his own bailiwick. in his own State. and he has been silent. What is the secretof the hostility to this com pany? Is it that Jay Gould is interested? There is nothing in the Interior Department to show that he is interested. Is it that Mr. Barnum. a prominent Democratic politician. is interested in it? Mr. Barnums or Mr. Goulds rights are the same in the Interior Department whether they be Democrats or Republicans. or whether they be railroad speculators or anything else. The law fixes their rights. and it would be a very remarkable thing if the executive department of the Government should mete out its j ustice according to the character of the men to whom it is meted. What difference does it make whether Gould is interested in this or whether Huntington is interested? Is it worthy of the","Republican","(-2.845, -0.724]",1885,0
305,-1.6,1.6,3.2,-0.6982524999999999,0,5,"I appeal to the Senator from Wisconsin to withdraw the call. It wastes time for nothing.","Republican","(-2.845, -0.724]",1879,0
306,-0.5714285714285714,2.7142857142857144,3.2857142857142856,-2.171981,0,7,"before him to show how glorious was the struggle and how grandin all the tide of time the triumph of northern soldiers when the principle of freedom stamped out a slaveholding rebellion. And unless we show how great and powerful was that struggle against which we fought our soldiers and our men will lose their full raced of praise before the world. Now then these are wrivate papers which are to be purchased. If they are valuable to our Government we ought to buy them. for they belong to widows and orphans who. according to the spirit of our Constitution and the spirit of our people. are not held responsible for the political crimes of which their fathers or sons were guilty. Therefore I say it becomes us as men. and as members of this great Government. to value these things which belong to widows and orphans at their proper","Republican","(-2.845, -0.724]",1881,0
307,-0.16666666666666666,2.8333333333333335,3,-0.90912145,0,6,"those to whom we gladly accord the rank of leadership. Death claimed him at the very threshold of a great careerat the moment when he seemed best prepared for wider usefulness and for the achievement of higher triumphs. when he appeared best fitted t> serve his State and country. But he is gone. DUDLEY C. HASKELL is no longer among us. called by a wise Providence from this presence. We bow to this decree. pausing only a little while today. not to question the inscrutable mysteries of that Providence or to challenge His ordering. but to pay our last tribute. give our heart offerings to one who in life we loved and honored. and who. though removed from these scenes forever. leaves behind naught but memories most pleasing and reflections most instructive. and the record of a life the study of which can not fail to make us better citizens.","Republican","(-0.724, 1.397]",1883,0
308,1,3.2,2.2,-0.34232035,0,5,"with him that it was not the largest cause. and that it was not by any means the principal cause. I quite agree with him that it was coincident merely. But another thing happened just about that time of which the commercial world at least has taken great heed. Up to that date steamvessels had not been good or great freighters. The sidewheelsteamethat did business between this country and Europe was not a great carrying vessel. she required too much coal. her engine took up too much space. but right in the midst of our war. by a succession of inventionspartly American and partly Britishthere was a complete revo:ution effected in oceangoing steamers. and that revolution. as I have had occasion once before on the floor of the Senate to call attention to. can best be described by stating this formula: that priorto that date a vessel of 3.000 tons","Republican","(-0.724, 1.397]",1881,1
309,-0.5714285714285714,2.2857142857142856,2.857142857142857,-0.22022057,0,7,"we admit their fishoil. whaleoil. sealoil. and fish of all kinds free of duty. we may enter their ports. etc to purchase provisions and supplies. to ship crews. and transship cargoes. As to each of these matters the treaty leaves us worse than it found US. It does not afford redress of grievances. It does not provide against the recurrence of causes of pomplaint in future. It concedes valuable rights which ought not to be surrendered. It gains no valuable rights which we do not now possesS. It negotiates in regard to matters which. under the special circmnstances. should not be the subject of negotiation. It fails to negotiate and bring into settlement matters which pers emptorily demand settlement. a It gets much less than it is worth for what it proposes to give. and much less than Canada had already shown her willingness to pay. It leaves us in","Republican","(-0.724, 1.397]",1887,0
310,-1.875,1.75,3.625,-0.37778026,0,8,"That is quite right. because they could not tell anything about it unless they inspected it.","Republican","(-0.724, 1.397]",1887,0
311,0.6,3.2,2.6,0.48588824,0,5,"Certainly. But. may it please the Chair. while there is no doubt that portion of the amendment is in order. the point of order runs to the other provision. There are two propositions in the amendment. and the point of order applies to the second provision. separating it from the first. That point of order. if I can get the favorable ruling of the Chair. will absolutely exclude that portion of the amendment which devolves this duty upon the Army officers. This is not a new question. Itis a question that has been determined time and again in Committee of the Whole. It has been determined. I say. that it is competent to make the point of order on each substantive provision of an amendment. and if that provision be subject to the point of order the Chair sustains it so far as thatprovision is concerned and the amendment stands","Republican","(-0.724, 1.397]",1883,1
312,-0.2,3.2,3.4,0.6702948000000001,0,5,"The part of the resolution which relates to the daily hour of meeting being 12 oclock should be considered in order. but the balance of the resolution is not.","Republican","(1.397, 3.518]",1883,0
313,1.625,3.75,2.125,1.0758533,0,8,"I have sent to the desk some formal amendments to which the members of the Committee on Private Land Claims have assented. designed to make section 8 correspond with section 7.","Republican","(1.397, 3.518]",1885,1
314,1.1428571428571428,3.2857142857142856,2.142857142857143,1.2378702,0,7,"The pending motion. I believe. is to refer the communication to the Committee on the District of Columbia. with instructions.","Republican","(1.397, 3.518]",1887,1
315,2.5,3.875,1.375,0.30900478,0,8,"The order of the introduction of bills has not yet been called.","Republican","(1.397, 3.518]",1885,1
316,2.5,4.125,1.625,1.7893709999999998,0,8,"I am directed by the Committeeon Privileges and Elections to report a resolution and request that it be referred to the Committee to Audit and Control the Contingent Expenses of the Senate.","Republican","(1.397, 3.518]",1887,1
317,-2,1.5384615384615385,3.5384615384615383,-1.0813496,1,13,"And now I want to baptize the gentleman before he backslides.","Republican","(-4.789, -2.727]",1897,0
318,-2.4,1.6,4,-1.9963222,1,5,"We do not expect there will be any trouble with the Republicans.","Republican","(-4.789, -2.727]",1889,0
319,-1.75,2,3.75,-2.1487513,1,12,"couriers of the air. Shall blow the horrid deed in every eye. That tears shah drown the wind. Since that fatal and fateful night our relations to Spain and Cuba have been a series of humiliations and reproaches. It would seem that some awful calamity was necessary to arouse this nation and Congress to a realization of their duty toward a murdered neighbor. Talk of the Armenian outrages or the atrocities of the ""Unspeakable Turk!"" Why. .they pale into misdemeanors merely compared with the bloody crimes committed under Spanish misrule in Cuba. Almost onehalf of the population of that fair island has been sacrificed by the murderous policy of the monster Weyler. Speak of autonomy to a people thus slaughtered! Spain. always crue and always deceitful. that offers in the gloved hand what appears to be a rose. but. when grasped. is a stinging thorn. A nation of hypocrisy. of","Republican","(-4.789, -2.727]",1897,0
320,-0.6666666666666666,2.5,3.1666666666666665,-1.8408499,1,6,"I have sald nothing of the kind. Do not put words into my mouth that I have not uttered.","Republican","(-4.789, -2.727]",1897,0
321,-2.142857142857143,1.8571428571428572,4,-1.0104921999999998,1,7,"While the gentleman smiles. it is as one who would twist a knife under my ribs. The gentleman must not misquote me.","Republican","(-4.789, -2.727]",1897,0
322,0.4,3.1,2.7,-2.8724582,1,10,"Oh. yes. Mr. President. I had forgotten that there was a Democratic party in 1878 and 1879 . and I will not believe there was-","Republican","(-2.727, -0.673]",1889,1
323,0,2.4444444444444446,2.4444444444444446,-0.23901314,1,9,"They had been there for that purpose. and they had not taken their leave. The riots. however. were over.","Republican","(-2.727, -0.673]",1895,0
324,-2.111111111111111,1.6666666666666667,3.7777777777777777,-0.65027434,1,9,"Wherein does it lack? You say it is not plenipotentiary. It has the same powers the world over that an eagle would have.","Republican","(-2.727, -0.673]",1893,0
325,-2,1.75,3.75,-0.23900437,1,8,"matters of this kind. Ah. and there are certain gentlemen who fear that such may be the result. Here is a gentleman who tells us about ""the impossibility of a parity between money and a commodity."" yet when there is an effort to make this socalled commodity money we find him in rebellion against that effort. [Here the hammer fell.]","Republican","(-2.727, -0.673]",1895,0
326,-1.9090909090909092,1.5454545454545454,3.4545454545454546,-1.3531563999999998,1,11,"But suppose the Government does not owe anything. how will you get the money out?","Republican","(-2.727, -0.673]",1889,0
327,-0.8888888888888888,2.4444444444444446,3.3333333333333335,0.49141723,1,9,"To leave those reservations open. to take off the ban from them. and leave them open to indiscriminate grabbing for six or eight years. while the survey is being completed. would be to defeatthe beneficent purpose at which we are all aiming. To a very large extent that would be the case. No. sir. if I were Secretary of the Interior. I think I would not open all those lands. I would hold the reserving edict over them and give relief to such portions as might be necessary to do justice. I can not vote for anything which unreservedly repeals the reservations.","Republican","(-0.673, 1.381]",1897,0
328,-0.7777777777777778,2.2222222222222223,3,0.5344838000000001,1,9,"I wouId like to inquire what it will cost to change the Vesuvius into a torpedo boat as proposed?","Republican","(-0.673, 1.381]",1893,0
329,0.16666666666666666,2.8333333333333335,2.6666666666666665,1.5746584,1,6,"I almost always agree with the Senator in his humane and rhetorical expressions. but it was certainly difficult to incorporate them into the body of a resolution of investigation. and therefore he will excuse their omission. Mr. President. I hopevhen it comesback from the Committee to Audit and Control the Contingent Expenses of the Senate. if the Senator from Louisiana . who is the chairmanof that committee. should report it back and be of opinion that the state of the contingent fund will allow of such an investigation. that the resolution will be adopted without any dissent by the Senate. I believe the questions which are proposed for investigation are those of great importance to the public interest. I believe the question whether the prohibitions of pooling contained in the present law should be abolished and railroad competition prohibited by an act of Congress should receive careful investigation. I believe","Republican","(-0.673, 1.381]",1893,1
330,-0.16666666666666666,2.3333333333333335,2.5,0.37647587,1,6,"If the gentleman will stop and think for a moment he will remember that the guns provided for in this bill will not be mounted during the fiscal year in which the money is to be expended. Now. what use is there in providing money to purchase ammunition for guns that can not be used. and will not be used during the year?","Republican","(-0.673, 1.381]",1897,0
331,-0.6666666666666666,2.1666666666666665,2.8333333333333335,2.0898023,1,6,"Under this provision there are three librarians contemplated. There is now one Librarian. and he has an assistant in the law library. Sooner or later this question must come to a head. When the Congressional Library goes into the new building Congress will then have to determine whether the law library shall go with it or whether it shall be provided for in the Capitol. If it is to be provided for here it must be provided for necessarily under some separate and distinct management. There has been a good deal of friction as to the purchase of law books. not only for the library. but also for thodifferent circuits. the effect of the appropriation being. I believe. that $1.000 is set aside. which is expended theoretically by the different judges on the circuits for their libraries. Some judges draw their full quota and some do not. and there seems","Republican","(-0.673, 1.381]",1893,0
332,0.25,2.75,2.5,2.7053638,1,8,"We do appropriate the money. and we leave it to the Secretary as to what shall be considered by him as useful information.","Republican","(1.381, 3.435]",1895,1
333,1.5,3.3333333333333335,1.8333333333333333,2.3106325,1,6,"Because. after all that isdoneafter the owner of the property or his agent has ascertained from the assessor. or from the records filed with the District Commissioners. the valuation placed upon his property. this bill provides that these men composing the board of assessment may get together and without any notice whatever to the owner increase that assessment. Here in section 9 you provide that without any notice to the owner or his agent this board may double. treble. or quadruple the assessment previously madeit may be without any notice to him. Is that just or proper? Clearly not. When this board of assessment meets for the purpose of equalization and proposes to make any changes by increasing the valuation of property. the owner of the property affected should have notice in some way of the proposed action. and should have the right to appear and be heard upon that","Republican","(1.381, 3.435]",1893,1
334,0.36363636363636365,2.8181818181818183,2.4545454545454546,2.407766,1,11,"The committee have followed a precedent which has been established from the foundation of the Government to the present time. We have not varied the course of proceedings. which has been for the committee to state in a report the facts of the case in connection with the order which they recommend.","Republican","(1.381, 3.435]",1891,1
335,0,2.4,2.4,1.9520676,1,5,"I present a conference report on the legislative. executive. and judicial appropriation bill.","Republican","(1.381, 3.435]",1889,0
336,-2.6,1.2,3.8,2.5636257999999996,1,5,"If it is the matter of printing a report. it should go to the Committee on Printing.","Republican","(1.381, 3.435]",1895,0
337,-2.2,1.8,4,-0.7887272,2,5,"Does the gentleman mean by which they could be mandamused or punished for contempt?","Republican","(-4.935, -2.815]",1901,0
338,-2.7142857142857144,1.5714285714285714,4.285714285714286,-0.20540953,2,7,"I am as ignorant on that point as the gentleman is.","Republican","(-4.935, -2.815]",1907,0
339,0.8,3.2,2.4,-2.54805,2,10,"habit of telling the negro that if the Democrats came into power their right to vote would be taken away from them. After the Democrats came into power in this State they always had some reason to give the credulous beings why the Democrats had not disfranchised them as they had before predicted. First. the told them that if the Democrats got the State government they would disfranchise them. The Democrats got the State government and did not disfranchise them. Then they told them that if the Demcrats elected a President they would disfranchise them. The Democrats elected a President and did not disfranchise them. Then they told them if the Democrats got control of Congress they would disfranchise them. The Democrats got control of Congess and did not disfranchise them. All along the honest white man of the State laughed at these lies and marveled that the negro did","Republican","(-4.935, -2.815]",1899,1
340,-2,1.5,3.5,-1.392647,2,6,"Yes. and that is the reason he was made a fool of.","Republican","(-4.935, -2.815]",1903,0
341,0.6666666666666666,2.6666666666666665,2,-1.2885759,2,6,"Not by our fault. I will say to the gentlemail. and we will gladly surrender at least 100.000.000 acres of triose reserves.","Republican","(-4.935, -2.815]",1907,1
342,-1.3333333333333333,1.9166666666666667,3.25,-0.6974531,2,12,"If the gentleman will allow me. I hardly think he intends to convey the impression that we have the right or that there is any authority now vested in Congress by any law to compel the railroads to carry the mail.","Republican","(-2.815, -0.704]",1907,0
343,-0.16666666666666666,2.5,2.6666666666666665,-0.439407,2,6,"have compelled her to have lived with her first husband and withstand his brutality in order that she as his widow might have any. claim upon the gratitude of the country. Her first husband is dead. He left no widow. There is no pension being paid on account of his service. Mr. Speaker. I ask unanimous consent to insert in the RECORD as a part of my remarks the military record of the first husband of this claimant.","Republican","(-2.815, -0.704]",1905,0
344,1.4285714285714286,3.7142857142857144,2.2857142857142856,-1.1729658,2,7,"slightest provocation. or even without (p. 172). [Extracts from The Philippine Islands and Their People. by Dean C. Worcester. The Macmillan Company. New York. 1898.] Mr. Worcester. after speaking of General Arolas precautions to prevent armed Mores out of Jolo. says : "" These elaborate precautions were by no means unnecessary. Before they were put in force Juramentados had repeatedly made their way to the plaza and on one occasion had beheaded Spaniards as they sat In front of a cafd reading their home letters. "" During Arolas time only one of these mad fanatics managed to get within the walls. He fought his way through the guard. but not before he had been run through the body and shot several times. He fell dead 50 feet inside of the gate. "" Accidents sometimes occurred at the lanceria. however. One day a Moro. who had been in and out so","Republican","(-2.815, -0.704]",1905,1
345,0.42857142857142855,3,2.5714285714285716,-1.5541303,2,7,"Yes. sir. that is the man. It was six months before. He supposed he was an American and that he had a right to locate when he went into that country. where he is now residing. The Laplanders and Swedes were accustomed to the climate and could go where the others would not go. and they made these discoveries. and all of them were citizens. or declared their intention of becoming citizens. before they vent there. This man supposed he had. and it would be unjust to take the best claim and give it to a man who relocated it and then employed a lawyer in Washington. He never did any work upon it and ndver had possession.","Republican","(-2.815, -0.704]",1899,1
346,0.5,3.1666666666666665,2.6666666666666665,-1.0343599,2,6,"immunities"" of the United States are those fundamental civil rights relating to person and property designed for the protection of the Federal citizen under the allegiance due from him to the Federal Government and as a comensation therefor. We are citizens of and owe allegiance to oth our State and Federal Government. and each confers upon us special privileges and immunities. The inhibitions of the Constitution. to which I have thus briefly called your attention. are inhibitions upon the States. not inhibitions upon Congress or its power to legislate. They in no wise restrict the power of Congress to legislate with reference to the political lights of the people of acquired territory. Congress may confer or deny the right to hold office. the right to vote. and the right of legislative representation. and other rights of a political character. including the right of local selfgovernment. But Congress is inhibited. under","Republican","(-2.815, -0.704]",1901,1
347,-1,2.5555555555555554,3.5555555555555554,0.059808612,2,9,"And the Secretary of the Navy said they did not do any harm. and there was a difference of opinion whether they constituted defects or not.","Republican","(-0.704, 1.406]",1899,0
348,3.1538461538461537,4.538461538461538,1.3846153846153846,0.22427285,2,13,"last year about the following amounts. and I will give you the different countries from which we brought it. We imported about 100.000 tons from Porto Rico. and the statistics show that they produced 145.000 tons there. From the Hawaiian Islands we imported from 350.000 to 370.000 tons. From Cuba and all other countries. 1.750.000 tons. We produced from cane in this country about 300.000 tons and from sugar beets 300.000 tons. or in the neighborhood of a total of all of about 2.800.000 tons. and of this 1.750.000 tons which were imported last year. let me show you what statistics say about the amount that came from Cuba. I give the calendar year. not the fiscal year. One million two hundred and thirtytwo thousand five hundred and eightynine tons came from Cuba. At the time Cuban reciprocity was before this House for consideration it was claimed by the friends","Republican","(-0.704, 1.406]",1905,1
349,-1.4,2.2,3.6,-0.7260460999999999,2,5,"I think the bill Is all right. and I am willing to take the judgment of the Secretary ofthe Treasury. who is daily dealing with problems of this kind.","Republican","(-0.704, 1.406]",1905,0
350,0.125,2.625,2.5,1.5905166000000002,2,8,"socalled Tehuantepec route. What for? That the Government of the United States might be informed as to whether there was a feasible route there. and all about it. Well. now. it is just as much in order. on account of that survey. to move to purchase a zone or territory on a general appropriation bill to construct a canal along the Tehuantepec route as along the Nicaragua route. There was a survey of the Panama route. and all the while this Government has been trying to get information. Now. if a mere survey for information. without any other legislation. is such a law as to commit this Government to the construction of the canal. then we have got to build one at Panama and one on the Tehuantepec route. and that. too. notwithstanding this Government has incorporated the Maritime Canal Company. The Maritime Canal Company has been performing down there","Republican","(-0.704, 1.406]",1899,1
351,-0.9,2.1,3,0.55825907,2,10,"I was going to suggest that. Inasmuch as there is twenty minutes debate on a side. in that time we might telephone up and find out whether the report has been )repared. if we do not absolutely know it now.","Republican","(-0.704, 1.406]",1907,0
352,-0.16666666666666666,2.8333333333333335,3,2.2959824,2,6,"especially conditions in foreign countries. investigations relating to the iron and steel Industry. the lumber industry. operations of the cotton exchanges. and their effect on prices. inland waterways and coastwise water carriers. investigations on patents held by Government employees on articles used by the Government. and also In. regard to the International Harvester Company. These investigations are at different stages of completion and are going on contemporaneously. Does the gentleman desire the information collected by these investigations to be sent to the House before the investigations are completed? Is that what the gentleman is after? These reports have not yet been made to the President-","Republican","(1.406, 3.517]",1907,0
353,2.1666666666666665,3.6666666666666665,1.5,2.141828,2,6,"The bill provides for the appointment of a number of supervisors. the total number not to exceed 330. The Twelfth Census act authorized the appointment of 300. and it provides that the districts or supervisors shall conform to the boundaries of the Congressional districts as far as practicable. The duties of the supervisors will be to recommend enumerators for appointment and instruct them respecting their duties. map out the enumerators districts. and then to supervise the schedules and the reports of the enumerators in their respective districts.","Republican","(1.406, 3.517]",1907,1
354,-2.2,1.6,3.8,1.3467855,2,5,"Nothing has been done upon that subject in any form. If the number is to be reduced to 700. I understand that merit will control the retention of the 700. and that alone. and I have no question. of course. but what the question of the distribution of the places over the States will be properly considered.","Republican","(1.406, 3.517]",1901,0
355,2.2,4.2,2,2.9274027,2,10,"he sends his report. directly to the Chief of Engineers. If he has a rank below lieutenantcolonel. he sends his report to a division engineer. That division engineer reports to the Chief of Engineers whether he regards it as advisable or not. The Chief of Engineers then looksit over. and if he T regards it as advisable he then recommends that a detailed survey and estimate be made. Now. let us see what he did? I happen tohave one for the harbor of Tacoma before me. First. the report. July 6. 1900. After a report had been madeThat the city waterway is a worthy improvement and is urgently needed at the present time. Whether this improvement should be made by the Government or by private interests on account of the conditions surrounding this waterway. as explained in the report. seems uncertain to me. That was the report of the local","Republican","(1.406, 3.517]",1901,1
356,2.3333333333333335,3.888888888888889,1.5555555555555556,2.2563443,2,9,"No. I can not agree to that amendment. That survey was made seventeen years ago and the project proposed. which would cost about $800.000. Nothing was done toward the project. Ten years ago another survey was had and the project proposed at a cost of $2.000.000. Nothing was done. Two years ago a survey was made. and the project was proposed at a cost of $2.500.000. and the local engineer. the district engineer. and the Board of Review all decided against it.","Republican","(1.406, 3.517]",1907,1
357,-0.21428571428571427,2.5714285714285716,2.7857142857142856,-2.085608,3,14,"They were the men who persecuted him and drove him to his grave.","Republican","(-4.998, -2.838]",1911,0
358,-0.875,2.5,3.375,0.085742265,3,8,"How much of that Is for telegraphing and how. much for telephoning?","Republican","(-4.998, -2.838]",1911,0
359,-0.6666666666666666,2.5,3.1666666666666665,-1.0584093,3,6,"If it would throw then all out. then it would throw this one out.","Republican","(-4.998, -2.838]",1915,0
360,-2,1.4,3.4,-0.9971429,3,5,"Does not the gentleman think that for the saf y of tIhe Nation in. time of war the President should hava . thar powei?","Republican","(-4.998, -2.838]",1917,0
361,-1,2,3,-1.5870471000000002,3,5,"Will the gentleman yield? patriotism. in spite of audacity and demagoguery. to vo.te for","Republican","(-4.998, -2.838]",1917,0
362,-0.25,2.75,3,-1.7911811000000002,3,8,"in the Union Army and five. namely. BANKHEAD._ CATRON. MARTIN. THORNTON. and WHITE. were In the Confederate Army. In a few years time will ellminate. the last of the. veterans from this Chamber but let us hope that the memory of what they wrought in peace and in war will survive among the. sagas 0 our country. One of these old. veterans. a brave and heroic soul. passed away when Senator JOHNSTON left us left us in line of battle. for his final reward. Corpl. NELSON of the Union. Army. pays this brief and sincere tribute to Capt. JOHNSTON. of the. Confederate Armyopponents in. war but comrades and brotheus in peace.","Republican","(-2.838, -0.686]",1915,0
363,-2.142857142857143,1.4285714285714286,3.5714285714285716,-1.6473758,3,7,"I think apologies are due. Mr. President. not to the Senator from North Dakota. but they are due to the farmers of the State of North Dakota.","Republican","(-2.838, -0.686]",1917,0
364,-0.3333333333333333,2.5555555555555554,2.888888888888889,-2.4009473,3,9,"said that they took from the cradle and the grave. the men of the South fighting valiantly. mistaken as they were. for what they conceived to be their rights. Oh. it is easy. as these men go under the ground and a new generation comes. especially in our great cities where there is a large population. by far the greater number of whom had no personal experience with that war. and where the voice of the Union soldier is not apt to be heardIt Is easy to talk about the great cost of pensions. Yes. it Is a great cost. but that great struggle. thank God. put all just contention between the North and South at rest. and you as well as we thank God at the great result. Since that great contest the wealth of the United States has increased from $16.000.000.000 when Lincoln took the oath of office.","Republican","(-2.838, -0.686]",1911,0
365,-2.909090909090909,1,3.909090909090909,0.19431585,3,11,"iThe Nav :l Academy and somie that come up friom the ranks?","Republican","(-2.838, -0.686]",1917,0
366,-1.3636363636363635,2.090909090909091,3.4545454545454546,-1.7553226999999998,3,11,"There ought to be something in the )ill limiting this right of insurance to something ill which this Government has a live Interest.","Republican","(-2.838, -0.686]",1917,0
367,0.8,3.1,2.3,-0.053652644,3,10,"It is very important to the bill to know what the definition of power plant means. This is put In the first part of the bill because it is important and essential we should know¢ just exactly what it means. and there is certainly no one here knows what is meant or intended by its use in this bill.","Republican","(-0.686, 1.466]",1917,1
368,-1.5714285714285714,2.142857142857143,3.7142857142857144,-1.2894642,3,7,"that can not carry itself after the liberal subvention by the Government provided for in this bill. that will- not run itself after it has been started in a substantial way. ought not to pass. For one. I an unalterably opposed to involving the general credit of the Government in any system to loan to anybo~y. I believe that should be the attitude of every Member of this House and I hope it xii lie. I yield the balance of my time to the gentleman from Pennsylvania .","Republican","(-0.686, 1.466]",1915,0
369,1,3.6666666666666665,2.6666666666666665,-0.6329800999999999,3,9,"Mr. President. let us consider the bill under consideration by items. It provides that the President may at any time. in his discretion. temporarily withdraw from settlement all lands. The Senator from Utah has dwelt a little bit on the word "" temporary."" I have in my mind a withdrawal that was made in 1897 in Idaho for a purpose of this general class. and the "" temporary"" there means thirteen years. and it is still going on. I have not heard any suggestion that it was going to be released from this temporary bondage In which it is.","Republican","(-0.686, 1.466]",1909,1
370,-0.4444444444444444,2.111111111111111,2.5555555555555554,0.33781105,3,9,"No. but committed to the legislation that this exposition indorses. encourages. and advocates. not in theory. but in practice and by practical demonstration.","Republican","(-0.686, 1.466]",1913,0
371,0.8,3.6,2.8,1.0509748,3,5,"Mr. President. I very much doubt whether it will be. and some of the best attorneys with whom I have discussed this subject hold the same view. I am going to leave it entirely with the committee to ponsider this question. along with the question that has been submitted here by the senior Senator and the junior Senator from Massachusetts. In this connection I desire also to say that every prediction that was made at the time of the passage of the Canadian reciprocity act in relation to the increased manufacture 6f paper in Canada has been verified. and more than verified. I call attention to the companies which have been organized for the purpose of manufacturhig pulp and paper in Canada since the agitation concerning section 2 of the Canadian reciprocity act began about three years ago. I shall ask. without reading. to have printed in the RECORD a list of the companies that have been organized in Canada. the location of those companies. and their capitalization.","Republican","(-0.686, 1.466]",1913,1
372,-0.45454545454545453,2.727272727272727,3.1818181818181817,2.833285,3,11,"Oh. no. That is a matter of administration absolutely necessary for the management of any banking system. It is provided that there shall be an examination. just as there is an examination for life insurance. That is the comparison usually made.","Republican","(1.466, 3.618]",1913,0
373,1,3.125,2.125,1.6998527,3,8,"No: of conrse she can not testify against him. but she can not testify either for or against except in this class of cases specified in the section.","Republican","(1.466, 3.618]",1913,1
374,0.875,3.375,2.5,2.0661077000000003,3,8,"every assistant postmaster should satisfy the department as to his efficiency and qualifications before he be given a competitive classified status. Ail but about 100 of the 2.400 assistant postmasters in these offices now have such a status. Many of them have been appointed since the issue of this order. either through promotion. transfer. or original examination. The post offices. therefore. are now supplied with a thoroughly trained expert force from the assistant postmasters on down. This organization is vitally important to tie cMcient management of the postal business. particularly in view of the development of tile postal savings banks and the parcel post system. The postmasters in these offices are not themselves postal expertsat least at the time of appointmentand have to depend on the permanent expert staff under them for the management of the office. If the assistant postmasters ire removed from the classified service they will become","Republican","(1.466, 3.618]",1913,1
375,1.3846153846153846,3.769230769230769,2.3846153846153846,2.1151972000000003,3,13,"If the gentleman will read that language carefully he will see that the words ""prior to the date of final assignment and prior to final proof."" as they stand in the bill. without a comma between them. are one common proposition. and that standing in the bill as they do. they would validate cases where conformation of.farm units was not only prior to the date of final proof. but the assignment was prior to the date of final proof.","Republican","(1.466, 3.618]",1915,1
376,0.7777777777777778,3.2222222222222223,2.4444444444444446,1.4109839,3,9,"There had been some negotiations along prior to that. but until the time our committee returned from Alaska and made its report. and for some time back. no negotiations were pending.","Republican","(1.466, 3.618]",1911,1
377,-2.4,1.4,3.8,-2.4285305,4,5,"Oh. yes. We could confiscate all of it legally but not morally. as I think.","Republican","(-4.813, -2.654]",1925,0
378,-2.6666666666666665,1.5,4.166666666666667,-0.6810510000000001,4,6,"Will the Senator have the goodness now to tell us.the name of the nominee?","Republican","(-4.813, -2.654]",1927,0
379,0.125,3,2.875,-0.9236078,4,8,"I ama not criticizing the gentleman. but would the gentleman have voted or would lie now vote for an expilenditure of $75.000.000 at Muscle Shoals or elsewhere to build a fertilizer plnt in tille of peace?","Republican","(-4.813, -2.654]",1919,1
380,-1.1428571428571428,1.5714285714285714,2.7142857142857144,-0.67794925,4,7,"The Senator will excuse me for speaking as plainly as I have-","Republican","(-4.813, -2.654]",1925,0
381,-2.4,1.4,3.8,-2.6539537999999996,4,5,"I do not think it is any good. I condemn it. I think it is wrong. I am not defending it.","Republican","(-4.813, -2.654]",1921,0
382,-3.25,1.25,4.5,-0.25420564,4,8,"This is not a question of ""anything the gentleman from Ohio does not like.""","Republican","(-2.654, -0.503]",1919,0
383,-2.3333333333333335,1.8333333333333333,4.166666666666667,-0.83269083,4,6,"and when you stop to think of the load now carried by the masses. we can not be surprised .at the disorder and lawlessness everywhere prevailing. In some countries it seems to be believed that this discontent and hunger can be fed up on repression and executions. In other countries particularly in our own. the belief seems to prevail that the remedy is in still greater appropriations. increased national obligations. and necessarily higher taxes. Let us examine in detail the weight under which the people are now bending and also examine some of the proposed measures of relief. some of the schemes which would start new enterprises and find employment for the idle through increased appropriations and still greater obligations of government! We will find that the late Doctor Itthenau was not far wrong when. a few days before his unfortunate death. speaking of the economic situation in Europe. lie","Republican","(-2.654, -0.503]",1921,0
384,-3.2,1,4.2,-2.5114331,4,5,"I did not mean to intimidate the gentleman. I simply wanted to know if he expected party loyalty from the Denocrats at that time. Does the gentleman expect party loyalty from the Democrats then. as lie does now. when he is trying to defeat his own party.","Republican","(-2.654, -0.503]",1923,0
385,-2,1.4,3.4,-1.0502325,4,5,"There ire three States. I will say to the Senator. that do inot get anything.","Republican","(-2.654, -0.503]",1927,0
386,-0.16666666666666666,2.8333333333333335,3,-1.7116773,4,6,"the disputes of. Europe. As an abstract proposition the proposal of the learned Senator from: Wisconsin that we should not amend thistreaty but should adopt a reservation in effect! absolving ourselves from all responsibility for this outrage. which everyone: condemns: unsparingly. also meets. with my full approval. If China alone. was involved in this question I would gladly vote. with these Senators. It would be no direct concern. of ours as to. what should happen to Chinas. territory. and we could Nvell leave China to look. out for herself. To my mind. this is not the case however:. China is not the only nation affected- or concerned: We are involved as a nation. and as a. people. China was our friend when we entered this war.-.: Chinla became our associate in the: war upon our earnest solicitation. if not with our most friendly assurances. If there is. such a thing","Republican","(-2.654, -0.503]",1919,0
387,0.8888888888888888,3.3333333333333335,2.4444444444444446,0.9649951,4,9,"Mr. Speaker. the conferees were in session until early Sunday morning and therefore it was not possible to make as full a statement as the conferees would have liked to make because we had to print the report that very morning in the RECORD in order to take it up today under the rules. The conferees finally agreed upon a pay appropriation for an army of 325.000 men. That is a little more than the House conferees thought was necessary. but it is 75.000 less than the Senate committee provided for. In my judgment it is an ample force for the next fiscal year without any fear of complications that may possibly arise. The matter was fully gone into and I believe the House will be justified in standing for an average army of that size. As the House knows. there is a situation on the border just now which","Republican","(-0.503, 1.647]",1919,1
388,-2.25,1.5,3.75,-0.39092934,4,8,"Mr. President. I objected for the moment. but I have no objection if action on the bill may be immediately determined by its passage. However. if it is to occupy the entire afternoon. I shall be compelled to object.","Republican","(-0.503, 1.647]",1923,0
389,0.5,3.3,2.8,0.02296707,4,10,"at the last session of the legislature. This law is now being tested in the Supreme Court. asd I have no hesitation in saying that its constitutionality will be upheld. There are prospects of further State legislation. It is the judgment of all dairying and farm organizations represented in Washington that with tie State legislation and the enactment of this bill ito law we shall have :a remedy which will effectually outlaw lilled milk. [NOvE.-The bill passed the House on May 25. 1922. by a vote of 250 to 40.1","Republican","(-0.503, 1.647]",1921,1
390,2,3.6666666666666665,1.6666666666666667,0.4073015,4,6,"and foreign buying power. Any form of legislation or plan that tends toward a stimulation of production of any particular -commodity for export will result In even further ill balance to oar agricultural and. therefore. continued subjection of American farmers to competition with production based on lower standards lof living abroad. Therenust. therefore. be established a balanced American agriculture by which production is kept in step with the demand of domestic markets and with .only such foreign markets as may be. profitable. The conference is convinced that this can be done without disproportionate charge upon the American consuner and without the necessity of dislocating the present adjustment Involved between the wage scale of the country and the cost of living. Cooperativeinarketing legislation was asked for. Amendmeats to the agricultural credits act were suggested. Au early revision of the freightrate structure by the Interstate Commerce Commission was thought advisable. It was","Republican","(-0.503, 1.647]",1925,1
391,0.5,3,2.5,0.4197479999999999,4,10,"There is a penalty. is there not:. for marketing a grain in violation of the grade fixed?","Republican","(-0.503, 1.647]",1919,1
392,-1.2,2.4,3.6,2.1777713,4,5,"A rule could not be made so as to make it possible of practicable application.","Republican","(1.647, 3.797]",1921,0
393,-2.25,1.625,3.875,1.6164389,4,8,"The time has been so brief that I have only been able to study what we have been doing in this country.","Republican","(1.647, 3.797]",1921,0
394,0,2.5714285714285716,2.5714285714285716,1.6879855,4,7,"No. it is only according to the length of their service.","Republican","(1.647, 3.797]",1925,0
395,-1,2,3,0.8136595,4,13,"The bill that is presented now is based upon the theory-","Republican","(1.647, 3.797]",1921,0
396,0.1111111111111111,2.6666666666666665,2.5555555555555554,2.9154334,4,9,"Or are they based upon the expert Irrigation engineers of the Department of Agriculture?","Republican","(1.647, 3.797]",1923,1
397,-0.9,1.8,2.7,-0.6146374,5,10,"Does the gentleman assume they are marrying a Caucasian or an oriental?","Republican","(-4.953, -2.778]",1933,0
398,-2,1.1428571428571428,3.142857142857143,-2.2059729999999997,5,7,"Then. I hope that no one will feel that we are discourteous on this side if there are no more unanimousconsent speeches made.","Republican","(-4.953, -2.778]",1935,0
399,-1.8333333333333333,2.1666666666666665,4,-2.6662482999999995,5,6,"I say to you I never before heard such timidity proclaimed for the Democratic Party.","Republican","(-4.953, -2.778]",1931,0
400,-2.2222222222222223,1.6666666666666667,3.888888888888889,-1.7673566000000005,5,9,"There will be plenty of them who will not tremble. Do not worry about that.","Republican","(-4.953, -2.778]",1935,0
401,0.2,2.4,2.2,-1.9603456999999995,5,5,"I say he would have been defeated if he had voted against the debenture. but he voted for it. The Senator has forgotten that.","Republican","(-4.953, -2.778]",1929,1
402,-0.2222222222222222,2.888888888888889,3.111111111111111,-2.1783132999999997,5,9,"days gone by. determined so that there was no question about how our Democratic brethren stood. and. I may add in fairness. no question about how our Republican brethren stood. apparently. upon the other side. So I speak not from a partisan standpoint at all. but I speak as one who. with a sacred principle at stake. has at least pursued his own weary way. in his own particular fashion. on every occasion when that principle has come before our people. or come before this body. In 1922 the then leader of the Democratic Party. Mr. Underwood. in speaking to those who were likely to vote in favor of the flexible provisions of the tariff. said: It is a plea of guilty to the charge of incompetency whenever the Congress of the United States passes a measure delegating its constitutional powers to the executive branch of the Government. as it","Republican","(-2.778, -0.612]",1933,0
403,-1.5714285714285714,2,3.5714285714285716,-1.1442025,5,7,"Mr. President. if the question is put directly to me I answer by Inquiring. does the Senator believe. for example. in placing a tariff on longstaple cotton? I think such a tariff will directly benefit those engaged in the cultivation of that type of cotton. and I do not think it will impose an unjust or any burden upon anybody in the United States. Does the Senator favor that or not?","Republican","(-2.778, -0.612]",1929,0
404,-1.8,2,3.8,-1.2548231,5,5,"I very fully entertain that view. To detain Senators for just a moment longer. I do not regard this bill as a step in the direction of competitive building or running a race. While I am not indifferent to other countries. I am only and forever thinking of my own. When I allude to the wide Pacific. when I call attention to Alaska. when I mention the Philippines. when I point to Samoa or the Panama Canal. or turn my eyes to look eastward across the Atlantic. all the while I am thinking of my country and what may happen to my country. I am not saying that any one of the nations in the directions suggested now contemplates attacking our country or its rights. But I am thinking of my country. and I want a capable. uptodate. adequate navy. presumably and I hope in fact fully able to protect","Republican","(-2.778, -0.612]",1929,0
405,-1.8,1.9,3.7,-2.6285641,5,10,"""Bonus for big Democrats."" too. you might just as well say.","Republican","(-2.778, -0.612]",1931,0
406,0,2.8333333333333335,2.8333333333333335,-0.7496375,5,6,"Mr. President. I desire to offer only a brief observation. and bring the debate back to what I consider to be the reality of the pending question. Inasmuch as I am one of those who believe in the philosophy of adequate preparedness and who fully share the viewpoint of the able Senator from Illinois respecting the national defense upon all occasions insofar as I can be impressed with the true necessity. I rise only to say that I am unable to believe that we confront an emergency crisis which requires sharp and sudden defense increases. The President of the United States is under constitutional compulsion to advise Congress if and when America confronts any such emergency. The President of the United States is under annual constitutional compulsion to serve us by message with any warning of an impending threat or menace. The President of the United States responded to this","Republican","(-2.778, -0.612]",1935,0
407,-2,1.8,3.8,-0.52635336,5,5,"If I may have a moment of your attention. I think I can demonstrate just the opposite of what the members of the committee have said. After this loan comes into existence and it is carried along from time to time. it will be interpreted as a loan for carrying securities. and I think we ought to distinguish with respect to the inception of the loan so as to protect our business people and not have it construed by bureaucrats or by courts that have not taken these things into consideration. as placing an additional and an unwarranted burden on our people.","Republican","(-0.612, 1.554]",1933,0
408,-0.23076923076923078,2.6153846153846154,2.8461538461538463,0.7299853000000001,5,13,"Does the gentleman mean to say that the additional cost to the borrower is left to administrative authority?","Republican","(-0.612, 1.554]",1933,0
409,1.8,4.2,2.4,-0.6182424,5,5,"and how much of it are we going to get back? We see in todays papers and in yesterdays papers where word is being sent to us that they do not intend to pay. It is nothing but exploitation. During this period of time or just prior to it we were engaged in the World War. The World War cost us between forty billions and fifty billions of dollars. In addition to that add to it $40.000.000.000 worth of foreign securities held in this country which took that amount of money out of this country. and is it any wonder that we are in the position that we are in today. and that we are asked to pass the kind of legislation that is proposed here? Where does the request for this legislation come from? It comes from the very same bankers I am referring to. The first knowledge that","Republican","(-0.612, 1.554]",1931,1
410,0,2.6666666666666665,2.6666666666666665,-0.9161149,5,6,"I so understand. Now. I want to go a little in detail into the cost of beet production before I go into the main argument which I have in view. There is no other industrial pursuit in this country that I ever heard of which guarantees to the producer of agricultural products the price which he shall receive at the harvest. except beets. Every farmer out in my country knows that for every ton of beets he drags 2 or 3 milesnot more than 2% milesto the railroad station he is going to get. on the 1st or the 15th day of the month following. $7. He knows. furthermore. that if there is a reasonable price for sugar In the American market. and it is not buccaneered by the people fronm Cuba. he will receive considerably more. The farmers of my State are not quarreling with the sugar manufacturers. They","Republican","(-0.612, 1.554]",1929,0
411,2.6,4.2,1.6,1.6349257,5,5,"Mr. President. on last Thursday or Friday the House of Representatives passed a little bill relating to a certain steamer. It was essential because it related to the clipper ships that sail across the Pacific and the supplies necessary for those clipper ships at certain islands such as Guam. Midway. and the like. In acquiring a ship there was purchased a Canadian ship. and some difficulty arose as to whether it could leave the supplies that were essential for the clipper ships plying their voyages across the Pacific Ocean. In the House the bill was passed by unanimous consent. and I was authorized by the Committee on Commerce last Saturday to report the bill and to ask unanimous consent for its immediate consideration. From the Committee on Commerce. therefore. I report back favorably with amendments the bill to amend section 4132 of the Revised Statutes. as amended. and I submit a report (No. 1848) thereon. I ask unanimous consent for the immediate consideration of the bill.","Republican","(-0.612, 1.554]",1937,1
412,-1.4545454545454546,2,3.4545454545454546,0.84455395,5,11,"I regret that time does not permit a further analysis of time pending resolution.","Republican","(1.554, 3.72]",1929,0
413,0.3,2.4,2.1,1.230175,5,10,"Very well. Otherwise. an order would be required to return the papers.","Republican","(1.554, 3.72]",1937,1
414,2.5,4,1.5,2.3186709999999997,5,6,"Mr. Chairman. I hold in my hand. from the Department of the Interior. Bureau of Reclamation. the justifications that were submitted to the subcommittee of the Committee on Appropriations. and one paragraph of 11 lines states the construction in progress. I would like to present this to the Chair as written evidence of what was presented to the committee.","Republican","(1.554, 3.72]",1937,1
415,0.8571428571428571,2.5714285714285716,1.7142857142857142,2.6136127,5,7,"And in that case the Department of Commerce through its airnavigation bureau will handle the work of carrying out the administrative features of the bill.","Republican","(1.554, 3.72]",1937,1
416,-1,2.1666666666666665,3.1666666666666665,1.6823554,5,6,"What is the method of treatment proposed to eradicate this pest?","Republican","(1.554, 3.72]",1929,0
417,-2.2,1.6,3.8,-1.1002922,6,5,"I beg your pardon. I meant that he Is not one of the conferees.","Republican","(-4.946, -2.789]",1939,0
418,1.7142857142857142,3.857142857142857,2.142857142857143,-0.89340824,6,7,"Yes. there are only two sold in any appreciable amount. One is mouton. which is not fur at all. but is wool.","Republican","(-4.946, -2.789]",1947,1
419,-3.1666666666666665,1.1666666666666667,4.333333333333333,-1.1043372,6,6,"Oh. the gentleman does not mean that. does he. that the gentleman from Texas was jealous of him?","Republican","(-4.946, -2.789]",1939,0
420,-1.9,2.1,4,-2.6481497000000003,6,10,"I listened to Walter last night. and I got the impression that. like every rat that deserts a sinking ship. he senses that the people are not with him. that they have caught on to his false. malicious propaganda. and that his foulness. his dirtiness. and his nastiness have so disgusted them that he no longer is the ""great I am."" But his sense of egotism is so developed and his mind is so warped and twisted. that having once started on that course it will be very difficult if not impossible for him ever to be decent. as are other Americans.","Republican","(-4.946, -2.789]",1943,0
421,-0.2222222222222222,2.5555555555555554,2.7777777777777777,-0.7071914,6,9,"Can the. gentleman tell us where we are going to get this $500.000.000?","Republican","(-4.946, -2.789]",1939,0
422,0.4,3.6,3.2,-0.18931077,6,5,"Mr. Speaker. in 1914 1 appointed to the Naval Academy a youngster named Thomas Browning Inglis. He is the distinguished officer who is now appearing before the committee of investigation of Pearl Harbor. In my opinion he has been subjected to treatment such as no reputable. highminded. patriotic member of our armed forces should be subjected to. especially by a Member of either House of the Congress. I think I should tell the House something of the background of this young officer. His father was the pastor of my Presbyterian Church in Bay City. Mich. When I first knew the boy he was a youngster in shorttrousers. He was a fine boy. His father died while he was pastor of my church. The. mother. in addition to her many other accomplishments. had been one of the finest. school teachers who ever taught in Michigans schools. and was the beautiful character","Republican","(-2.789, -0.641]",1945,1
423,-1,2.2222222222222223,3.2222222222222223,-0.4994029,6,9,"same position insofar as invasion was concerned. I get a little weary with this cowardly and craven attitude that the greatest Nation in the world with the largest navy can be easily invaded by any foreign nation .or any group of aggressor nations. Finally. under questioning. it was admitted by the witnesses. by very eminent witnessesMembers of the Cabinetthat we were not in danger of invasion by troops. by any foreign army. that we were not even in danger of an invasion by any naval force. but they did insist that we were in danger of invasion by air. not in the United States itself but through Latin America. This matter will. I believe. be further discussed before the committee when Colonel Lindbergh testifies as an aviation expert. I have taken this occasion to reemphasize what the chairman of the Committee on Naval Affairs knowshe is responsible and the credit","Republican","(-2.789, -0.641]",1941,0
424,2,3.5,1.5,-0.8216994000000001,6,6,"that no Democrat who was present rose to defend Mr. Wallace. I wish to defend him to some extent by reading what a former Democratic Representative from the State of Washington had to say. This was on January 22. 1946. This statement is found on page A166. volume 92. part 9. of the Appendix of the RECORD. The speech is captioned ""Who. Made the Money in This War?"" Apparently that was what Mr. Wallace was talking about. I maintain that if money was made during the war the Democrats are to blame. because they had control of the House. they had control of the Senate. and they had control of the White House. So everything that was said by Mr. John M. Coffee. a Democratic Representative from the State of Washington. was said about the Democratic Administration. At that time the Republicans were not in control. So if all this","Republican","(-2.789, -0.641]",1947,1
425,-0.4,2.8,3.2,-1.180442,6,5,"That is a misstatement of fact. It was supposed to be farmerowned and farmercontrolled but it is controlled by the Farm Credit Administration. and the farmer has not got a thing to say about it.","Republican","(-2.789, -0.641]",1943,0
426,-0.4,2.6,3,-1.0578696,6,5,"an end it will be torn down. On the basis of their present rental estimates. they could pay rent for 28 years for the amount of money that will be included in this new building. I think it is a shame and an outrage that this sort of thing should happen. We could buy four good bombers or we could buy four firstclass interceptors with the amount of money that will be spent upon this temple of information. I assume it will not be so elaborate as the Jefferson Memorial. and probably not so humble as the.log cabin in which Abraham Lincoln was -born. But it is going to take $600.000 of the taxpayers money and it is going to be destroyed after the conflict is over. Perhaps by that time they will be so permanent in fact that they will want a permanent home of their own. When we","Republican","(-2.789, -0.641]",1941,0
427,0.1,2.7,2.6,-0.12932399,6,10,"I have been a strong advocate of this bill ever since I have been in Congress and am happy to see it come to the floor for consideration. but I did not like the idea of cutting it back to where it has been cut. It may be a long time before we can get another increase. Can the gentleman explain to us just why the changes were made in the bill? It seems to me that the Increase you were proposing to give these employees was no more than sufficient to cope with the increasing cost of living. Now you have reduced it.","Republican","(-0.641, 1.506]",1941,1
428,-0.4,2.6,3,0.78988653,6,5,"Mr. Chairman. I move to strike out the last word. Mr. Chairman. I take this time just to try to keep the RECORD straight. in the hope that when this bill reaches the other body someone perhaps will read this RECORD and see that an effort was made on the floor of the House to do what the full Appropriation Committee of this House instructed the subcommittee to do. As a member of this subcommittee. along with other members of the subcommittee. when this matter was brought up in the full Appropriation Committee. I understood that there would be a meeting called of the subcommittee to determine this question. prior to the time this bill and this provision of the bill was discussed on the floor of the House. That was the understanding of the full committee. There was no legislative business before the House yesterdayI was out of my","Republican","(-0.641, 1.506]",1943,0
429,-1.5,2.1,3.6,-0.8246228000000001,6,10,"If the gentleman will. I wish he would clear up in my mind. at least. his opinion on the thought just expressed. Are we. the people. lending this money to government? I have gotten fixed in my own mind this formula. that it is one proposition for the gentleman or for me or others to go to government and say. ""Here. Mr. Government. I have saved from my earnings $1.000. I want to loan it to you for you to use in promoting the program you are following."" It might be such a program as Mr. Jones has discussed. That would be one proposition. but in my mind it is entirely dissimilar from the proposition where the Government operates the banking machinery in such a way that the deposits of the people are. in a way. used without their consent or permission or endorsement by government in order to promote the great activities to which Mr. Jones referred last night. Would the gentleman enlarge on this point?","Republican","(-0.641, 1.506]",1939,0
430,-1.1111111111111112,2,3.111111111111111,0.38712978,6,9,"Perhaps the Senator from Louisiana remembers the exact provision of the section.","Republican","(-0.641, 1.506]",1945,0
431,0.5714285714285714,3.142857142857143,2.5714285714285716,1.5207681999999998,6,7,"I agree with the distinguished Senator. but I was referring to the processors and manufacturers of nonagricultural products. They do not get that relief. Under the amendment they have to depend on referring their applications for the relief they seek to the advisory board. Then the advisory board makes an investigation. After that investigation Is made. OPA has 60 days within which to make up Its mind. and what assurance do we have. judging the future by the past. but that after the 60 days OPA will continue dillydallying until the businessman affected is out of business? It is my feeling that if at the end of 60 days OPA has not made up its mind. the industry itself should make the price. and then let OPA be the policing agent.","Republican","(-0.641, 1.506]",1945,1
432,-0.6666666666666666,2.8333333333333335,3.5,2.8462148,6,6,"Mr. Harriman and Mr. Young are typical of gentlemen who are appointed on committees which are conducted by other persons. committees in which the studies are made by other people. in which reports are submitted which they never examine. which they do not carefully study. and the adverse arguments against which they do not consider. But they add their names to the general recommendations which are made.","Republican","(1.506, 3.654]",1943,0
433,2.25,4.125,1.875,3.0435405,6,8,"of their ""nonmilitary"" information and is working out procedures with them designed to bring about appropriate clearance with civilian departments and agencies. especially 0. W. M. R. 5. As added assurance of deputy clearance. the 0. W. I. news desk notifies the appropriate deputy of major news releases which come to the desk. 6. Through conferences the news desk is advised by the deputies as specifically as possible of basic policies of all departments and agencies. 7. The 0. W. I. speechclearance unit operates on a similar basis. 8. Certain fixtures are being developed in major information areas so as to provide regular reports of factual situations. such reports being reconciled among departments and agencies which may be involved. and thereafter serving as basic guides to all agencies. For instance. it is expected that the W. P. E. monthly production report will be agreed and adhered to by all agencies.","Republican","(1.506, 3.654]",1945,1
434,2.6363636363636362,4.545454545454546,1.9090909090909092,3.191961,6,11,"daily papers to the effect that Mr. Ickes had endorsed the complaint of one Abe Fortas. a $9.500 attorney for the Bituminous Coal Division. made to the General Accounting Office in regard to certain findings reported by the Acting Comptroller General to the Speaker of the House and the President of the Senate concerning the use of Government buildings and equipment to conduct postgraduate colleges supposedly for the training of Government personnel. and certain internships. The Comptrollers report to Congress does not purport to be a complete exposd of all the educational and training activities in the Government. but. as to those activities covered. I feel sure it is complete and accurate. The Comptrollers report points out that one of the interns studying government functions. from the University of Chicago. was appointed to receive his training under Mr. Abe Fortas. From what I have learned of Mr. Fortas record and","Republican","(1.506, 3.654]",1939,1
435,1,3.4285714285714284,2.4285714285714284,2.4073539,6,7,"The National Resources Board to which the gentleman has just referred. is charged with some of these very duties. to fix policies concerning industrial and civilian mobilization in order to assure the most effective mobilization and maximum utilization of the Nations marlpower in the event of war. and determine the relationship between the potential resources and potential requirements for manpower. resources. and productive facilities.","Republican","(1.506, 3.654]",1947,1
436,0,2.8333333333333335,2.8333333333333335,0.85539186,6,6,"What is the object of insuring crops that we have too much of. if insurance increases production? Otherwise it will not be put In operation.","Republican","(1.506, 3.654]",1943,0
437,-0.5,2.5,3,-0.8297452,7,8,"They could have. had the Secretary not felt that it would be politically expedient not to do so.","Republican","(-4.432, -2.345]",1949,0
438,-2.5714285714285716,1.5714285714285714,4.142857142857143,-1.291742,7,7,"I agree. Unless we elect TAFT there will not be anything leftnot even for the Indians.","Republican","(-4.432, -2.345]",1951,0
439,1,3.272727272727273,2.272727272727273,-2.7991773999999996,7,11,"the greatest slavemasters in all of history. Yalta sounded the death knell for a free postwar Polish State. The decent. freedomliving people of Poland were again subjected to tyranny and oppression without the opportunity to fire a shot in their own defense. without a word of protest from their friends. Polish independence was flooded under the Red tide of Russian aggression. So once more the land of the Poles is occupied and oppressed. Her rights and beliefs are trampled upon like so much dirt. Her sons and daughters are executed at Katyn or exiled to slavelabor death camps for daring to speak against this regime which fears all that the Polish people hold to be true and decent and humane. Are we to stand idly aside and allow this most monstrous of crimes to be perpetrated? Are we. who believe so strongly in justice. to condone such outrageous injustices? Mr.","Republican","(-4.432, -2.345]",1953,1
440,-3.142857142857143,1.4285714285714286,4.571428571428571,-2.8446990000000003,7,7,"Well. I am afraid a good many people would get that impression.","Republican","(-4.432, -2.345]",1953,0
441,-1.8333333333333333,2,3.8333333333333335,-3.0000633999999997,7,6,"death. so beautifully expressed by James Whitcomb Riley: I cannot say. and I will not say That he is dead. He is just awayI With a cheery smile. and a wave of the hand. He has wandered into an unknown land And left us dreaming how very fair It needs must be. since he lingers there. And youoh. you. who the wildest yearn For the oldtime step. and the glad return. Think of him faring on. as dear In the love of There as the love of Here. Think of him still as the same. I say. He is not deadhe is just away. I fully realize the inadequacy of words to assuage grief. and I hesitate to intrude in the sacred circle of a family in sorrow. but I do express the hope that the God of consolation may visit them with the comfort that strengthens the heart against","Republican","(-4.432, -2.345]",1953,0
442,-1.375,2.125,3.5,-0.33005565,7,8,"I. too. should like to express my appreciation of the splendid statement which the Senator from Wyoming has just made in regard to our active and inactive reservists. Can the Senator give us any assurance as to when the inactive or involuntary reservists can expect to be discharged from the service?","Republican","(-2.345, -0.267]",1951,0
443,2.5,4,1.5,-0.91219234,7,6,"back in 1937. which built up trade barriers between sections of the country. That action stopped the surplusproducing areas of milk from shipping milk and cream into those areas where we have the heavy consumption. The other restraint is this oleo legislation which is gradually taking away the butter market from dairy farmers. and after June 30. 60.000.000 pounds of butter will be imported under a dutyof 7 cents per pound. These three acts on the part of .the Roosevelt and Truman administrations will rapidly liquidate the great dairy industry of the Midwest.","Republican","(-2.345, -0.267]",1949,1
444,-1.6,2,3.6,-1.6437553,7,5,"of constitutional government and way of life I want to preserve to the future. The Senator from Maryland has charged that the position I hold faithfully reflects the Communist Party line. and he would have the American people believe that he has been defending and continues to defend Americas m9st vital interests. principles. and security. Well. Mr. President. I just cannot let this challenge go unanswered. The Senator from Maryland has presented and defended a position and a thesis which proves we are poles apart. at opposite extremes. The issue he has raised is this: Who has been playing the Communist Party line. the Senator from Maryland or the Senator from Indiana? Let us examine the record and see. I know of no better way of bringing this issue to a head than by putting the facts on the table. naming names. citing chapter and verse. I am sure the","Republican","(-2.345, -0.267]",1949,0
445,-1.2,2.2,3.4,-1.0742714,7,10,"That is correct. There is a pincers movement on to destroy the Nation. It started 24 years ago. It started when we went off the gold standard and we priced ourselves out of every market in the world through deliberate inflation. Then we distributed the wealth of this country. We extract billions of dollars from the little taxpayers of this country. Even a stenographer who gets $150 or $200 a month has to pay $20 or $30 of her money in taxes.","Republican","(-2.345, -0.267]",1957,0
446,1.7272727272727273,3.8181818181818183,2.090909090909091,-0.16673297,7,11,"Mr. President. I now move that the Senate proceed to the consideration of House bill 5804. Calendar 609. That bill has already been passed by the House. and I wish to have it substituted at this time for the Senate bill.","Republican","(-2.345, -0.267]",1953,1
447,0.8333333333333334,3.1666666666666665,2.3333333333333335,1.7007868000000002,7,6,"Did I understand the gentleman to say that the Secretary used $2.000 out of the research program to fix up a cottage?","Republican","(-0.267, 1.812]",1953,1
448,1.8888888888888888,3.5555555555555554,1.6666666666666667,1.8951633,7,9,"I should like to ask the distinguished Senator from New York a question. which I ask only because I seek information. I opposed an amendment to the Selective Service Act. which was passed last Friday. because that amendment provided unlimited authority for the President to select 75.000 iiductees for the purpose of permitting such persons to engage in study or research in medicine. dentistry. osteopathy. the sciences. engineering. and so forth. and. under the amendment. the President was authorized to provide for the payment of the tuition of such students. The Senate now has passed the bill. and no doubt the House will pass the bill in a similar form. Does not that provision take care of the increase in stualents proposed in Senate bill 337? Possibly the provisions of Senate bill 1 will nct take care of all the facilities required. but the tuition of the students would be covered by that bill. because the President would be permitted to select those inductees and if they could not afford to go to such schools. the bill provides that the Government shall pay the expenses. Would not that cover the tuition?","Republican","(-0.267, 1.812]",1951,1
449,0.2857142857142857,3.142857142857143,2.857142857142857,1.5132185,7,7,"If I correctly understand the Senators amendment. it gives promotions to warrant officers on the basis of length of service rather than on the basis of efficiency.","Republican","(-0.267, 1.812]",1949,1
450,0,2.5714285714285716,2.5714285714285716,1.6267091,7,7,"Mr. Speaker. reserving the right to object. Will someone on the Committee on Armed Services give us more information in reference to this particular legislation?","Republican","(-0.267, 1.812]",1951,0
451,3.1,4.6,1.5,0.63370574,7,10,"Mr. President. the purpose of this bill. primarily. is to bring the District of Columbia Credit Unions Act in line with the Federal Credit Unions Act. The bill would amend existing law byFirst. Making two corrections of a minor nature. namely. changing the word ""company"" to read ""credit union"". and changing the words ""payable to"" to read ""payable by."" Second. Eliminating the present limitation of 200 shares in the account of any 1 member. and permitting a creditunion member to own shares jointly with any person designated by him. Third. Providing that after a reserve fund equal to 10 percent of the members shareholdings has been established from the setting aside of 20 percent of the net earnings of each year. no further transfer of net earnings to such fund will be required. It would also no longer require such reserve fund to be kept liquid and intact. thus permitting a Districtchartered credit union to use such reserve fund for loans and other investments. Hearings were held on Senate bill 873. and there was no opposition. It has the approval of the Board of Commissioners. District of Columbia Credit Union League. Inc and the National Association of Credit Unions.","Republican","(-0.267, 1.812]",1953,1
452,0.16666666666666666,2.5,2.3333333333333335,2.6004603,7,6,"This work is done by the airway traffic controls. It is a part of their regular work. and I would not anticipate that any additional funds would be required. I have no knowledge that the Department has requested it.","Republican","(1.812, 3.89]",1949,1
453,3,4.6,1.6,1.8011054,7,5,"I desire to ask one question. On page 3. line 12. I understand an item of $100.000 is included for beacherosion study. of which $25.000 was intended to match the funds to be provided by the State of Delaware. Is that correct?","Republican","(1.812, 3.89]",1953,1
454,0.625,2.75,2.125,3.86313,7,8,"It might be illuminating. and I approach this with hesitancy because of the great knowledge I know both gentlemen from California have in this field. but I would say in nailing down effectively the authority of the Comptroller General to defining the accounting procedures of every department. that all these costs and estimates and statistics must come from those - figures. So that when you start with the base of a uniform accounting system prescribed by the Comptroller General. all statistics and information must be developed from that initial information.","Republican","(1.812, 3.89]",1949,1
455,1.2,2.6666666666666665,1.4666666666666666,2.5102422000000004,7,15,"It will come from those who utilize the service. the abstracts. booklets. and other publications to be issued by the Department of Commerce.","Republican","(1.812, 3.89]",1949,1
456,0.2222222222222222,3,2.7777777777777777,1.6003317,7,9,"But there are additional services. For instance. 5.000 new carrier routes to be established. some of them in the gentlemans own district.","Republican","(1.812, 3.89]",1957,1
457,-3.1666666666666665,1.25,4.416666666666667,-1.8603023,8,12,"I do not know. But they might be accused of being followers of William McKinley.","Republican","(-4.595, -2.554]",1961,0
458,-1.6,1.7,3.3,-1.2111188999999998,8,10,"I guess we had some down here not long agodown here in shantytown.","Republican","(-4.595, -2.554]",1967,0
459,-1.2222222222222223,2.3333333333333335,3.5555555555555554,-2.849125,8,9,"Communist nation to Communist Cuba. I believe that Americans overwhelmingly feel this way and - disagree with the junior Senator from Arkansas. But I not only defend the right of the junior Senator from Arkansas to express his deeply felt views and his sharp dissent. I admire him for speaking his mind and his conscience. I admire him for the courage to run counter to conformity and the overwhelming majority. God forbid that the U.S. Senate ever become so shackled by conformity or so dominated by a tyranny of the majority that any Senator has to become a mental mute with his voice silenced for fear of being castigated for expressing convictions that do not conform with the overwhelming majority.","Republican","(-4.595, -2.554]",1965,0
460,-2,1.7142857142857142,3.7142857142857144,-0.67663956,8,7,"Was it the Senators own belief. when it was recited that Mrs. Boyd had an emotional session with Senator DODD. that was related to disloyal criticism by Mrs. Carpenter of Senator DODD?","Republican","(-4.595, -2.554]",1967,0
461,-3.4285714285714284,1.2857142857142858,4.714285714285714,-1.6138246,8,7,"The gentleman will concede. however. that this obnoxious situation was not created by the Republican side of the aisle but that side of the aisle.","Republican","(-4.595, -2.554]",1961,0
462,-1.1111111111111112,2.111111111111111,3.2222222222222223,-2.0034634999999996,8,9,"Mr. Speaker. it was quite a spectacle last Friday to watch the Texas gift to the Presidency as he stood In the ""bunkhouse"" at the other end of Pennsylvania Avenue trying to crack his bullwhip and charging the cowhands in Congress with ""blackmail."" He called on his ""peons"" in Congress to start bushwhacking the taxpayers immediately if not sooner. and then. if they wanted to round up a few stray dollars they should ""stand up like men."" And if they ""stand up like men."" and cut spending more than he thinks they should. ""it will be a phony paper cut."" the ""Presidente"" said. Between cracks of the bullwhip. there was the warning to the congressional cowhands to ""bite the bullet."" whatever that means. Mr. Speaker. one fact the President conveniently chose to ignore during this outburst was the identity of the spendthrift and squanderer who came up to this House year after year demanding ever more and more spending without any regard whatsoever to where it would surely lead us.","Republican","(-2.554, -0.52]",1967,0
463,0.5,3.1666666666666665,2.6666666666666665,-0.77471006,8,6,"We are not talking about a person who has committed a heinous crime. We are talking about an elected State official against whom this conclusive presumption theory is lodged.","Republican","(-2.554, -0.52]",1959,1
464,-1,2.625,3.625,-1.8514858,8,8,"course of this existence."" Mr. President. I love. in a moment of quiet and introspection. to stand on this pinnacle of age. which. I suppose. is one of the delights of advancing years. and look back and see others as they come along. I hope my constituents will not interpret that statement as a confession that I am approaching senescence and senility. I never felt better. I never had more vigor in my life. I have reduced my waist line very considerably. I took off about 45 pounds. And may I say that one of the reasons for it is that one day in a colloquy here in the front row the majority leader was chiding me about my waist line. I said. ""All right. I will accept that challenge. How much do you think I ought to take off?"" He said. ""I think you ought to take off 40","Republican","(-2.554, -0.52]",1959,0
465,-1.1666666666666667,2,3.1666666666666665,-0.9966975,8,6,"good Secretary of the Treasury. or should I name him Secretary of State to take care of our foreign affairs? What is your judgment?"" He might not be satisfied with having my judgment alone. so he might send for others. He might ask other Members of Congress to come see him about this matter. Of course. that is why this paragraph Is there. You do not want to advertise to the world that you have asked any man to come in for consultation. Why. bless your heart. the Presidentelect might even send for some Democrat like the floor leader of this House and say. ""You are on the opposite side but you are a good American. and you want this administration to be successful. What do youthink about this man? Should I name him to my Cabinet?"" You may be suprised as to some of the investigations that are made","Republican","(-2.554, -0.52]",1963,0
466,0.8333333333333334,3.3333333333333335,2.5,-0.6599596999999999,8,6,"the peoples of the world. There are some who say this may not be the time for such legislation. In answer. I say that there can be no timetable for peace. Actually. however. there could be no better time than now. At this point. Mr. Khrushchev has overplayed his hand. Russias massive resumption of the tests has had a boomerang effect and has disgusted all decent humans throughout the world. What better time to convince the world that we are a peaceful nation and that we are doing something about it in contrast to the Russian sloganism concept. Russias greatest conquests thus far have been psychological. Let us think of the psychological effect such legislation as thisas well as the practical effectwill have. None of us should minimize the need for such firm determination to meet the current crisis and the similar crisis which we may expect to follow. To","Republican","(-2.554, -0.52]",1961,1
467,-0.09090909090909091,2.8181818181818183,2.909090909090909,-0.6626648,8,11,"in taxes. encouraged inflation. and forced the curtailment of many Important domestic programs. The administrations handling of national monetary and fiscal problems must not be left unchallenged. The economic effects of the war.-now and ihi the future are of grave and continuing concern to all Americans. Sixth. Help to achieve unity for a divided people. The Republican membership in the Congress has given the administration unstinting cooperation to our effort in Southeast Asia. Unity can be achieved when the Nations obligation is made clear. This can be demonstrated by free debate and a frank exchange of views. If the administration plays fair. it can continue to count on that support.","Republican","(-0.52, 1.513]",1967,0
468,-2.2,1.9,4.1,-1.3572336,8,10,"I think my dispute with you. sir. would be that the program the President outlined today is partial. it is a program of bits and piecesit is not tied together as an integrated whole which can be operated. orchestrated and coordinated and timed to produce the victory that the American people so desperately want. and which the free world so desperately needs and. yes. that those who yearn for freedom. and there are millions behind the Iron Curtain. look to us in their hope for that freedom.","Republican","(-0.52, 1.513]",1961,0
469,-1,2.2,3.2,0.2429024,8,5,"When the gentleman mentioned the fact that there is planning money in this bill. that is the foot in the door. We have learned to our sorrow around here that once the planning money is provided and specifications are laid out it is usually too late to do very much about it. I will be interested to know. with the gentleman from Oklahoma and the gentleman from Ohio where this new $50 million building is going to be located. The Government land in Anacostia represented by the closing of the Anacostia Naval Airbase and the Bolling Field Airbase. and yet it appears thatsomeone wants to go out and purchase what may be expensive land in Maryland or Virginia for this new printing plant.","Republican","(-0.52, 1.513]",1963,0
470,2,4.090909090909091,2.090909090909091,0.63370526,8,11,"shall be the minimum wage for agricultural labor. But it goes on to provide that in the fourth year the minimum wage for agricultural labor shall be $1.45. and in the fifth year $1.60 an hour shall be the minimum wage for agricultural labor. Mr. President. I do not seek to change the 500 manday requirement. although my bill a year ago would have provided for a 300 manday requirement. I do not seek to change the provisions of the piecework part of this section in the bill. I do seek to provide that what we are about to do in the Senate with respect to an ultimate minimum wage of $1.60 an hour for people who work in industry. in businesses and in retail stores in America. will also be provided as a minimum for people who work on the farms. In the years that I have been in","Republican","(-0.52, 1.513]",1965,1
471,0.6,2.8,2.2,0.6928962,8,5,"every thinking Republican should give consideration to the kinds of issues Dr. Saloma dis. cussed at the conference and I want to bring his remarks to the attention of my colleagues by inserting the two newspaper articles in the CONGRESSIONAL RECORD following my remarks. The articles follow: [Prom the Washington Post. May 8. 1965]","Republican","(-0.52, 1.513]",1965,1
472,0,2.5,2.5,2.1335497,8,10,"I believe a full field investigation has been made. and I believe it may be in the hands of the Commission. But my point isI do not know if all its members have had time to study itwhy was it even necessary when Redlichs ECLC affiliation was on his application? Q","Republican","(1.513, 3.546]",1963,0
473,3,4.428571428571429,1.4285714285714286,1.1963536,8,7,"conservation districts. and so on. As of June 30. last year. the Service reported soil conservation districts had a total of approximately 1.860.000 cooperators. operating nearly 564 million acres. More than 11/4 million of those soil conservation district cooperators had basic conservation plans. on more than 365 million acres in about 2.860 soil conservation districts. There are similar figures showing notable progress with the land capability surveys and with the individual conservation measures that have been applied on the farms and watersheds of America. They only serve to confirm further the gains we have made. But we are still in the beginning stage. The conservation job is far from being completed. Some 2 million farms still need basic conservation plans. Thousands of tributary watersheds need the combined conservation land treatment and structural work contemplated in the Watershed Protection and Flood Prevention Act. What I have said before still holds true","Republican","(1.513, 3.546]",1959,1
474,1.375,3.5,2.125,2.2499740000000004,8,8,"Mr. Speaker. a number of articles have been written in the past year or so which tend to sensationalize certain aspects of radioactive waste disposal. A great deal of effort has gone into research and development on safe methods for handling such wastes. and the Joint Committee on Atomic Energy has spent hundreds of hours in hearings on this subject. The progress has been impressive. and the record of safety In the atomic energy industry is a remarkably good one. This is not to say that there Is no potential danger. Members of the joint committee. of which I am ranking minority member. are very aware of this potential danger. This is why we have strongly supported research and development work in this field. The joint committee considers it extremely important to maintain the emphasis on safety in the nuclear industry. so that the outstanding record of this industry may","Republican","(1.513, 3.546]",1967,1
475,0.16666666666666666,3,2.8333333333333335,2.8104095,8,6,"various projects in Texas is understandable. I think. It is for this reason that I intend to insert in the RECORD today a copy of a report prepared by the Legislative Reference Service which I hope will be of use to my colleagues in the Senate and the House. The report is entitled ""Federal Public Works Projects in the State of Texas Over the Last 5 Years."" and it was prepared at my request to provide an uptodate and comprehensive guide to the recent actions of the major Federal public works agencies. To be sure. there are a great many Federal assistance activities which are not covered in the report. It is intended as a general report on the larger public works activities. rather than as a comprehensive survey of all Federal grant and assistance activities affecting the State. I ask that this. summation of recent activity be included in the RECORD at this point.","Republican","(1.513, 3.546]",1965,1
476,2,4,2,1.8021022,8,6,"which produced it was undertaken with the assistance of a planning grant from the International Cooperation Administration whose primary interest was in the development of legal institutions and standards facilitating the expansion of international investment and trade. I ask unanimous consent that the text of the ABA special committee report. and of the concurrent resolution I am submitting be printed in the RECORD at this point and that the concurrent resolution may lie on the table until Friday for additional cosponsors. Mr. President. I am very proud to number 36 other Senators already among the sponsors of this concurrent resolution.","Republican","(1.513, 3.546]",1959,1
477,-1.8,1.2,3,-0.56962013,9,5,"I would never accuse the gentleman of any inaccuracy of fact.","Republican","(-5.263, -2.949]",1969,0
478,-0.4444444444444444,2.4444444444444446,2.888888888888889,-2.8790932,9,9,"The Czech experiment in liberal socialism frightened the Russians because it threatened to spread to the Soviets other puppet states and create great disunity. The Russians could not risk this. and so they crushed the proud Czechs. I do not believe the Czechs have given up. They are. of course. weary and depressed. but people of their spirit cannot be kept down indefinitely. As for us. we must continue to express our concern for their struggle and our belief in their ideals. And we must oppose with all our power the cruel and unjust doctrine which was given as an excuse for the Soviet invasion of courageous Czechoslovakia. The spirit of freedom is not dead in Czechoslovakia. And we must do all we can to fan its flames.","Republican","(-5.263, -2.949]",1971,0
479,-2.2,1.2,3.4,-1.1855977,9,5,"By ""disenfranchised"" does the gentleman mean that he was ever enfranchised. or was he just unenfranchised?","Republican","(-5.263, -2.949]",1977,0
480,-1.6,1.9,3.5,-1.4294791,9,10,"Well. Mr. Durkins argument to the committee was that this Mr. Mlchaud we are talking about here was an elderly gentleman. and it was a shame to try to confuse the old gentleman. and it was a pity. and they made a tremendously heartrending plea about what a pity it was to go up and harass the old gentleman. But the gentleman insisted he did not vote.","Republican","(-5.263, -2.949]",1975,0
481,-1.9,1.8,3.7,-1.2079679,9,10,"I am not charging the Senator with a smokescreen. I think the amendment itself Is a smokescreen. and it does-","Republican","(-5.263, -2.949]",1975,0
482,-1.6666666666666667,1.8888888888888888,3.5555555555555554,-0.96719676,9,9,"I cannot yield to the gentleman from Tennessee at the moment. but ""It aint necessarily so."" that is right. Mr. Chairman. the gentleman from Ohio . our distinguished chairman. who. I must say. has done a superb job under very difficult circumstances. is a gentleman to whom I give great credit in spite of the fact that he runs a helluva lot better railroad than anybody I see around here does. I give him great credit for how he handles himself under these circumstances.","Republican","(-2.949, -0.645]",1977,0
483,-0.6666666666666666,1.8333333333333333,2.5,-1.3366598,9,6,"stand behind when it meets with the approval or disapproval of the Executive. Recognizing the fact that some Senators must offer amendments out of a feeling of duty to their constituents. I still appeal to the Senate as my chairman on the other side of the aisle did. to please not start blowing this bill up on the floor of the Senate.","Republican","(-2.949, -0.645]",1971,0
484,0.21428571428571427,3.0714285714285716,2.857142857142857,-1.5681382,9,14,"and has undertaken a vigorous investigation that promises to bring the culprits to justice. I am happy to see that the Senator from South Carolina is speaking in the same vein. I know the Federal Government is lending whatever aid is required. I am sure the perpetrators of this montrous attack are not representative of the people of their State. However. they are representative of the spirit of malignant extremism that afflicts a minority in every region of the country. The people of Colorado have had some experience with this kind of sickness. Last month in Denver more than 40 schoolbuses were dynamited in a parking lot. Fortunately. this attack which occurred early in the morning. did not involve children. But it had one thing in common with the attack in South Carolina. It was cowardly. This is the way weak and cowardly people behave when they dislike some aspect","Republican","(-2.949, -0.645]",1969,1
485,-1,2.3333333333333335,3.3333333333333335,-0.25030425,9,6,"Under those circumstances. would that not be effective in persuading our representatives to withdraw our membership from the ILO?","Republican","(-2.949, -0.645]",1969,0
486,-0.7777777777777778,2.5555555555555554,3.3333333333333335,-0.82401496,9,9,"Mr. Chairman. I would like to allude very briefly to a statement that was made previously. and in the same breath remind that speaker that one of our late. great contemporaries and statesman. Bernard Baruch. once said: Every man has the right to his opinion. but no man has the right to be wrong In his facts. Mr. Chairman. I refer to the statement made by the gentleman from New York","Republican","(-2.949, -0.645]",1971,0
487,1.75,3.625,1.875,0.60879517,9,8,"It does not mandate. it authorizes an increase from $194 million presently to $300 million for 1978.","Republican","(-0.645, 1.659]",1973,1
488,1.1428571428571428,3.2857142857142856,2.142857142857143,1.5411141000000002,9,7,"Mr. President. subsection (b) reads: (b) The procedures for. determination of grant eligibility provided for in section 306 shall apply to this section. What that says in other words is. as I recall section 306. that if the Secretary finds there is noncompliance. he can withhold grants. Am I correct in that understanding?","Republican","(-0.645, 1.659]",1973,1
489,0.3,3.2,2.9,0.34113459999999995,9,10,"I thank the Senator. Not only the clubs themselves will benefit through their survival as solvent business entities. The players also will benefit. The present allocation of resources and revenues in professional basketball is economically unsound. The astronomical salaries received each year by new and untested superstars simply remove from available resources large amounts which could otherwise be employed to the benefit of the vast majority of players. The players stand. directly and substantially. to benefit from the merger: First. The merger of the two independent leagues into a single expanded league will preserve the job opportunities offered by professional basketball. It will bring economic stability to teams now facing frequent franchise shifts and possible financial ruin. Every franchise failure means the loss of 12 player jobs. Second. The stability afforded by the merger will improve the earning opportunities of many clubs. There will be equally attractive employment opportunities. and","Republican","(-0.645, 1.659]",1971,1
490,-1.25,2.375,3.625,0.5041528000000001,9,8,"or poisoning of the water supply. nor In matters of large environmental concern involving danger to the environment. But I believe very strongly that States should act alone on matters of land use and contours Insofar as they pertain to esthetic appearance itself. So. Mr. President. the first amendment. No. 298. is a land use amendment. Those are the key words. end those in fact are the words in the bnl as well as the words in the amendment. What we are saying In the amendment. very simply. is that when land use goes beyond water pollution and water supply questions. health questions. and safety questions. to questions involving land use insofar as whether it is for agricultural or conservation purposes. or construction on the land. those questions of land use are matters which should be left for the State government and the local government to decide. In my Judgment these two amendments could be incorporated into this bill and not detract at all from the rest of the concerns of the bill. which are very valid concerns of the Federal Government. Mr. President. I call for the yeas and nays on amendment No. 298.","Republican","(-0.645, 1.659]",1977,0
491,-1.125,2.375,3.5,-0.56785583,9,8,"the fiscal situation of this country will be in 1973? I am apprehensive about what our situation may well be. We are not immune to another recession or even another depression. in spite of all the safeguards that have been put up against those events since the days in 1929 and 1930 which some of us remember so well and with such vividness. God knows. I want to vote for the amendment. I want to give all the help we can. I have been sitting with the Senator from Washington and the other members of the Subcommittee on Health. Education. and Welfare of the Committee on Appropriations day after day after day for the past 3 weeks listening to the educators of this country. listening to the needs of education. listening to the needs for fellowships and scholarships which we are providing. I recognize that the amendment offered by my friend the distinguished Senator from Colorado is intended to relieve that pressure. Yet. I doubt that it would accomplish that objective. It would simply superimpose more pressure on top of it.","Republican","(-0.645, 1.659]",1969,0
492,0.875,3.25,2.375,1.5470556999999998,9,8,"is a direct result of the wording inserted by the committee staff. Because the investment credit is limited In application to new equipment. those firms which have not in the past been involved In recycling stand the most to CXXI1246 Part 15 gain from going into this field. By contrast. plants which have been recycling for years would be much less apt to be in the market for new equipment.","Republican","(1.659, 3.963]",1975,1
493,2,3.8,1.8,1.9636465,9,5,"and mamer in which local ecological disturbances may combine and grow will become vitally important. Such comprehensive and constant environmental surveillance can only be accomplished by satellite. In respect to food production. satellites have already demonstrated their ability to locate crop failures caused by blight or disease. Satellites may also help as to locate. develop. and maintain food sources in the oceans. Of paramount importance both to our understanding of the effects of pollution and to the monitoring of our natural resources is the gathering of reliable baseline data that will help us to know and understand the natural fluctuations of our ecology and to assess the effects of manmade changes. Finally. we do not and cannot claim that space alone has created all the new productivity we enjoy today. we can say. however. that it would have been significantly less without the dynamic leverage of the space program. To","Republican","(1.659, 3.963]",1971,1
494,2.8,4.4,1.6,2.3977141,9,5,"the national program for the conquest of cancer be retained within the National Cancer Institute of the National Institutes of Health. The need for a wellintegrated plan of biomedical research and a flexible administration of these programs has been urged by the leading scientists in the cancer research field. Research scientists testifying before the House subcommittee indicated their preference that this invaluable work be continued within the existing structure of the National Institutes of Health. The Director of the National Cancer Institute. in his capacity as an Associate Director of the National Institutes of Health. would assure this coordinated effort and maintain the vital interrelationships among the scientific community. Notwithstanding our hopes. it is not likely that the conquest of cancer is imminent. Too many questions remain unanswered. No one disputes the need for additional moneys to continue and intensify the battle. but money is not the only answer. We","Republican","(1.659, 3.963]",1971,1
495,1.1,3.7,2.6,2.3857082999999997,9,10,"Mr. Speaker. I am pleased to join in sponsoring the Program Information Act and Executive Reorganization and Management Improvement Act legislation introduced today under the leadership of my distinguished colleague from Delaware . I further commend the gentleman on his successful efforts in seeking and obtaining wide support for his proposals to enhance the effectiveness of the executive branch of the Federal Government. The postWorld War II proliferation of Federal departments and agencies has made it necessary for Congress. and the American public. to have a stricter accounting for all information relating to Federal programs. It is likewise imperative that such information be made available in catalog form to the President and the Congress in order to enable the making of recommendations for simplifying and consolidating programs. guidelines. and access requirements. This is the basic thrust of the Program Information Act which we introduce today. The Program Information Act authorizes","Republican","(1.659, 3.963]",1969,1
496,2.2666666666666666,4,1.7333333333333334,2.1872482000000004,9,15,"nourishment. appearance and communication. The flow of new knowledge that has resulted from the programs of the National Institute of Dental Research has had an immediate and direct impact on the practitioner and his patients. Still greater achievements are now ready to emerge. One of the most promising developments is a sealant. still under study. which has provided near complete protection to the chewing surfaces of childrens teeth for extended periods of time. Other means for the reduction of tooth decay may also be expected to flow from the Institutes national caries program that was launched in 1971. Research in periodontal disease. which affects twothirds of all. middleaged Americans. has yielded significdnt data on the interplay. of immune responses to bacteria in the destruction of supporting tissue. Unchecked. this disease can lead to the loss of teeth and the erosion of supporting bones in the jaw. Dramatic improvements in diagnostic","Republican","(1.659, 3.963]",1973,1
497,-3,1.6,4.6,-1.6585531000000002,10,5,"Why have we continued to live with itbecause the Russians cheat.","Republican","(-4.453, -2.394]",1987,0
498,0,2.5555555555555554,2.5555555555555554,-1.9529865,10,9,"agreements no reciprocity on the Soviets to cut off the aid to the puppet regime on the same basis. It is a sellout. It grossly and grievously endangers the gains and sacrifices of the Afghan people. and will generously accommodate Soviet deceit if that is what they have in mind.","Republican","(-4.453, -2.394]",1987,0
499,-1.8,2,3.8,-2.0667996,10,5,"I share your surprise and chagrin that it did not. Yes. that is the chase.","Republican","(-4.453, -2.394]",1983,0
500,-1.7142857142857142,1.8571428571428572,3.5714285714285716,-0.9146679,10,7,"I am an exmarine. The Senator cannot get me to say that marines ever lie.","Republican","(-4.453, -2.394]",1981,0
501,-2.2,1.6,3.8,-2.2333431,10,5,"My guess is that overwhelmingly the American people Utah DMr of.or. dko Mwolrte haveus made fihadt ittanouldnlma oryedigt wotid rthe hae a igh an ge ime. I an wondering. since we are talk over with and start cleaning up the in spending IgaotGamRdaanFer","Republican","(-4.453, -2.394]",1985,0
502,2,3.8333333333333335,1.8333333333333333,-1.0020462,10,6,"at its height. their numbers were estimated to be over 1 million. and these men and women enjoyed political and economic independence and had their own kings and queens. However. with Muslim forces working against them. their numbers quickly dropped to only 250.000 by the end of the 18th century. By the time Emperor Haile Sel.sle took the throne. only 50.000 remained. and during his 44year reign. their situation continued to deteriorate. In the years that have followed. their numbers have been even further decimated. Compounding this serious situation is the famine that plagues the entire region. and which threatens the lives of all Ethiopians. Unfortunately. however. the Falashas have been singled out for harsh treatment. Individuals were imprisoned and tortured in recent years. charged with being Zionists or CIA agents. and contact with the Falashas in their own villages was extremely limited. Because of the dangers being faced by","Republican","(-2.394, -0.344]",1983,1
503,-2,2.111111111111111,4.111111111111111,-2.1039128,10,9,"You hit it right on the button. I want not only for them to meet the rate but also to lower the rate. These American shipping companies know how to compete. That is the way they grew up in this country. They are competitive. But instead of letting them compete. you are saying join to. gether these foreign companies and our companies. agree upon a price. decide that this one gets this part of the market and the other gets the other part of the market. What you are doing by this legislation is making it rough on the Amer. can consumer. worse yetor equally as badmaking it rough on the American shipper. Why should these American shippers be held helpless against these great cartels? That is why I do not understand why we are passing this legislation. and I do not understand why the Grange and the American Farmers Union and all American industry is not in here saying. ""See here. why are you doing this to us? Youre going to increase prices to the American people."" That is not good sense.","Republican","(-2.394, -0.344]",1983,0
504,-0.3333333333333333,2.6666666666666665,3,-1.4260666000000002,10,9,"free exercise clause an awful lot. but it is in there. It had a meaning to our Founding Fathers when they dreamed it up in Philadelphia. The first thing the first Congress did was run out and hire a chaplain. Then they had George Washington issue a Thanksgiving proclamation which recognized the fatherhood of God and the brotherhood of man. Oh. and Jefferson could not wait to appropriate money for priests and churches to civilize the Indians. A very practical reason. they had Indians out there in the borderland. and they wanted them to have the civilizing effects of religion. so the taxpayers paid for that. This wall of separation that was erected from a phrase in a letter years later has been strengthened and built up and reinforced by the courts over the years. but if you want to talk about what the whole Constitution says. it says free","Republican","(-2.394, -0.344]",1983,0
505,-1.8,1.4,3.2,-1.0658953000000002,10,5,"""10 days in order to get those vanc short as well. But I do believe that you Americans. or foreigners who were de- T1 get a little flexibility that you do not pendent upon the United States and imp have with 48 hours. the essentialness of maintaining this a opp I yield the floor. secret. to get into Iran."" or wherever it wou","Republican","(-2.394, -0.344]",1987,0
506,-1,2.3846153846153846,3.3846153846153846,-1.4345447,10,13,"I think the Senator Just said something that did not quite carry through. He mentioned the words ""unemployment compensation."" That Is a great term. I would like to have seen some of it in South Dakota. Unfortunately. the small businessman Is losing money every day hanging on. hoping that things are going to get better. He does not know what unemployment compensation is. As the Senator from Louisiana knows he has farmers and it is actually costing farmers money to go to work every day. to turn the switch on their tractor. It is costing them and has been for a couple of years now. Look at their net income and see what we are talking about. They do not know what the thing called ""unemployment compensation"" is. They do not count the wives who are not working. They do not count. But we are going to take care of","Republican","(-2.394, -0.344]",1983,0
507,1.8888888888888888,3.6666666666666665,1.7777777777777777,-0.02191212,10,9,"Canal is closed and for ships too large to use It. That nations cooperation is necessary to guard those essential sealanes. Argentina Is. therefore. an Important component of hemispheric and South Atlantic defense. in addition. Argentina has become an important International grain and meat supplier. Its cooperation Is essential to try to bring stability and orderliness to that arena where U.S. economic health Is so much at stake. The absence of a close. cooperative relationship with Argentina should be a major concern to us all. The reason for imposing the 1977 arms embargo against Argentina was human rights. It stands to reason that an improvement in that situation should lead to an end of the embargo. The embargo was without conditions. so should Its lifting be. In Argentina there has been measur-* able. substantive progress toward the restoration of civilian. democratic rule. The government has started a dialog with civilian","Republican","(-0.344, 1.706]",1981,1
508,0.25,2.875,2.625,0.5945411,10,8,"Only in this way will we have all the facts before us which will lead to a reasonable and responsible decision. The lands are not threatened while we wait. While In the further planning status. their wilderness qualities will be protected. It would make sense to wait until the forest planning process is complete and the delegation reaches a compromise. It is entirely likely that we would then be able to unanimously support the bill. a position all of us would prefer to be in. The bill does -contain the needed release and sufficiency language but it Is unlikely it will become law before the wilderness issue is worked out. Therefore. I urge my colleagues to oppose the bill in order to force the necessary delay.","Republican","(-0.344, 1.706]",1983,1
509,1.6,4.2,2.6,1.407547,10,5,"Mr. Speaker. today I am introducing a bill to provide for accelerated depreciation. The report released by the Joint Economic Committee on Monday of this week puts great emphasis on the need for an increase in productivity. The report states as follows: An increase in productivity is the key to improvement in our economic standard of living and to the reduction of inflation. The Council of Economic Advisers in their 1978 report termed the productivity slowdown ""one of the most significant economic problems in recent years."" In my judgment a substantial contributing factor to the slowdown in productivity is the growing lack of capital investment in modernization of our industrial economy. The bill I am introducing today will allow a much faster recovery of capital by allowing a taxpayer to write off Governmentmandated nonproductive equipment in 1 year. to depreciate the tools of manufacturing. production or extraction in 5 years","Republican","(-0.344, 1.706]",1979,1
510,-0.14285714285714285,3,3.142857142857143,-0.14911842,10,7,"Mr. Speaker. on Monday of this week. I had the privilege of participating in the Congressional Commemorative Medal Ceremony to honor California families of servicemen still unaccounted for in Southeast Asia. California has 210 unaccounted for servicemen. the largest number of any State. The ceremony. which was held at McClellan Air Force Base in Sacramento. was an inspiring event and represented our renewed commitment to insuring that our Government does not abandon those who did not come home. We must continue to work for the accounting of every one of our military personnel who are still missing. Last year. Congress authorized ceremonies to be held in individual States to honor families of the missing. At each ceremony. these families were presented a special bronze medal designed by a Vietnam veteran. The medals are ""in recognition of the distinguished service. heroism and sacrifice of these military personnel. and the commitment of","Republican","(-0.344, 1.706]",1983,0
511,0.875,3.375,2.5,0.07906592,10,8,"complete price deregulation of newly discovered gas by January 1. 1985. the price of gas from wells drilled before 1978 would be forever controlled. When roughly half of U.S. natural gas was decontrolled in 1985. prices did not increase dramatically as many had so ominously predicted. In fact. prices have steadily declined since 1985. The law of supply and demand works in the natural gas industry just like any other industry. But. despite the experience of partial decontrol. Congress continues to maintain a ""halfslave. halffree"" natural gas policy. The old gas price controls contained in the Natural Gas Policy Act skew the gas market. Complete deregulation of natural gas is essential if America is to fully benefit from its natural gas reserves. If the marketplace is allowed to operate. domestic natural gas supplies can lessen U.S. dependence on imported oil. Natural gas is Americas energy future. Domestic gas is abundant","Republican","(-0.344, 1.706]",1987,1
512,0.6666666666666666,2.6666666666666665,2,3.893944,10,6,"FDAs efforts are further hampered because it lacks adequate information about pesticide usage abroad. This makes It extremely difficult for FDA to determine which multiresidue test should be used in the laboratory. Consequently. even If a shipment is detained for testing. FDA labs may fall to detect illegal pesticide residues unless the proper test method is used. And. as noted earlier. cumulatively used. FDAs 5 multiresidue tests can detect less that half of the pesticides available today. To address this problem. FDA recently contracted with a private firm. Battelle. to gather information on pesticide usage abroad. While this is a step In the right direction. there seem to be a number of problems in following this approach. In 1986. FDA spent $238.000 acquiring information from the Battelle World Agrochemical Data Bank. a computerized data base containing information on pesticide usage in the production of selected crops in about 30 countries.","Republican","(1.706, 3.757]",1987,1
513,1.875,4.125,2.25,2.349895,10,8,"Mr. Chairman. I rise in strong support of H.R. 6. the Water Resources Conservation. Development. and Infrastructure Improvement and Rehabilitation Act. This bill contains project authorizations. authorizations of water resources studies. project modifications. and general provisions affecting the overall Water Resources Program of the Army Corps of Engineers. This legislation includesseveral policy provisions including deauthorizatioi of some 300. unconstructed Corps of Engineers projects or portions of projects. creation of a. new Board on Water Resources Policy to review water resources policies for all Federal agencies and establishment of a loan program for the repair. rehabilitation. expansion. and improvement of public water supply systems. Mr. Chairman. although this Is an extremely complicated piece of legislation that has taken over 4 years of intensive work by our committee to develop. our efforts have been made much easier by the bipartisan nature of the problems addressed In the bill and by the strong","Republican","(1.706, 3.757]",1985,1
514,1.75,3.625,1.875,3.2081542,10,8,"a detailed specification and cataloging of existing Federal ocean pollution research. development and monitoring capabilities. policy recommendations for changes in the overall Federal level of effort to meet these priorities. and f1nally a description of actions taken to coordinate the budget review process to assure that individual agency requirements for particular programs reflect the priorities established in this 5year plan. Under the act. the first 5year plan for Federal activities was to have been submitted to the Congress by February 15. 1979. The administration has requested an extension on that deadline and has recently circulated a draft plan for final comment. It is our expectation that the first 5year plan will be made available within the next few days. Because the plan itself will not be available until well after budgets are finalized for fiscal year 1980. the Committee on Science and Technology does not think that it would be","Republican","(1.706, 3.757]",1979,1
515,2.6,4.4,1.8,2.4577556,10,5,"contractors for their own use. and it is standard practice in private industry to use this information to calculate the efficiency of work on a contract. Using this kind of information. Air Force industrial engineers calculated that it was taking Hughes Aircraft 17 times longer than it should have to make a Maverick missile. This information can be used to calculate efficiency rates by comparing what the companies engineers estimate it should take to do a job with what it is actually taking. In the private sector. this kind of efficiencyrate averages about 95 percent. Using Information provided by the Air Force at the request of a Senator. defense contractor efficiency rates for a dozen weapons systems averaged only 25 percent. It is important to note that all of these figures would be based on what the companies own engineers have estimated. and that these calculations can take into account","Republican","(1.706, 3.757]",1985,1
516,2.142857142857143,4,1.8571428571428572,4.021774,10,7,"the Protocol into effect as quickly as possible. Finally. based upon a recent Senate hearing on the Antarctic ozone ""Hole"" and the new data that has emerged from scientific expeditions to that region. we recommend that you seriously consiJer the scheduling of two emergency meetings. The first meeting should bring together scientific experts to review the most recent data from Antarctica and elsewhere. This scientific review should occur within the next six months. The availability and potentially devasting Implications of this new data have convinced us that there is no rational reason to delay. The provision of the Protocol calling for a 1989 scientific review did not anticipate that such shocking new evidence would appear less than two months after the signing of the Protocol. The second meeting should bring together all interested countries to consider what steps may be needed to protect the Antarctic ecosystem and the entire Southern","Republican","(1.706, 3.757]",1987,1
517,-2.857142857142857,1.4285714285714286,4.285714285714286,-3.2687554,11,7,"Instead of helping middleincome families get tax breaks. the liberal obstructionists wanted to falsely charge the new majority with giving tax breaks to the rich. Instead of helping the Republican majority save Medicare. the liberal whiners and complainers just stuck their heads in the sand and tried to scare the elderly. Mr. Speaker. if there is a good example of donothingness in the 104th Congress. it rests squarely on the shoulders of the whining. complaining. liberal. obstructionist Democrats.","Republican","(-4.24, -2.325]",1995,0
518,1.75,4,2.25,-1.9050914,11,8,"Mr. Speaker. this past Saturday marked the 18th anniversary of the Sabbath of Remembrance for four young SyrianJewish women who were brutally raped and murdered during their escape attempt from Syria. The mutilated bodies of sisters Mazal. Laura. and Farah Sebbagh. and their cousin Eva Saad. were abominably dumped in sacks at their parents doors. Nearly two decades later. freedom has not yet come for this tiny SyrianJewish community. The congressional caucus for Syrian Jewry. on which I serve as cochairman. continues to urge its members to advocate for freedom on behalf of this oppressed Syrian population. That today is Purim only. heightens the urgency of Syrian Jewrys much needed redemption. Mr. Speaker. the Purim festival recalls how the Jews of the Persian Empire were saved from annihilation decreed by the Persian king at the behest of his evil vizier. Haman. There is no Jewish community in the world today","Republican","(-4.24, -2.325]",1991,1
519,-1.5384615384615385,2.1538461538461537,3.6923076923076925,-2.570882,11,13,"also to concessions. to the favorite nation. of privileges denied to others. which is apt doubly to injure the nation making the concessions. by unnecessarily parting with what ought to have been retained. and by exciting jealousy. ill will. and disposition to retaliate in the parties from whom equal privileges are withheld. and it gives to ambitious. corrupted or deluded citizens who devote themselves to the favorite nation. facility to betray or sacrifice the interests of their own country. without odium. sometimes even with popularity. gilding with the appearances of a virtuous sense of obligation. a commendable deference for public opinion. or a laudable zeal for public good. the base or foolish compliances of ambition. corruption. or infatuation. As avenues to foreign influence in innumberable ways. such attachments are particularly alarming to the truly enlightened and independent patriot. How many opportunities do they afford to tamper with domestic factions. to","Republican","(-4.24, -2.325]",1993,0
520,-0.4,2.5,2.9,-1.0459747,11,10,"I even had my motherinlaw there. and she does not even like airplanes.","Republican","(-4.24, -2.325]",1991,0
521,-1.25,2.125,3.375,-2.046578,11,8,"on our side got In the well and used the word ""liar"" five times In respect to different asnecta of Clintons life. So the Speaker comes up with an arbitrary new rule that I respect. and here it is. ""We dont say lie. We dont say lying. We dont say liar."" But the gentleman from Connecticut taught me that you can say. ""He Is not telling the truth. He Is telling untruths. He Is crushing the truth. abusing the truth. damning the truth. smashing the truth."" but no liar. Also. let us go back to the formal decorum of calling one another mister and saying everything through the Speaker. because I am a traditionalist. Obviously. I am a conservative. I think that maybe we have a leg up on the Canadian Parliament. the British Parliament. where they shout one another down. scream and yell. and waste a lot of time.","Republican","(-4.24, -2.325]",1991,0
522,1,3.4,2.4,-1.9040382,11,10,"Mr. Speaker. Franklin D. Roosevelt said. ""The only thing we have to fear is fear itself."" Unfortunately. many seniors fear their Social Security benefits will soon run out. because they have been contacted by organizations charging that the trust fund Is empty. Members are familiar with these mailings. which often come in Governmentstyle envelopes or with officiallooking images inside. The implied Government connection is apparently meant to reassure seniors asked to make a donation. Those who prey on seniors fears should experience some fear of their own. The House has passed legislation increasing penalties for deceptive solicitations. and this should become law soon. Mr. Speaker. I urge my colleagues to tell their constituents the truth about the trust fund. and also about the motives of organizations that say it Is empty. Seniors who are listening. you should verify with your Congressman claims made in connection with an unsolicited mailing. especially when asked to donate your hardearned savings. Social Security trustees recently reconfirmed the security of the trust fund. Let us reassure our seniors that the only thing they have to fear is fear Itself.","Republican","(-2.325, -0.418]",1991,1
523,-1.6666666666666667,1.6666666666666667,3.3333333333333335,-1.2349808,11,6,"would reserve the right. I would not offer the motion myself. if a Member did offer a motion to increase the sanction from a reprimand to censure. to vote for that. That has to do with a difference. I think. in the opinion on some of the evidence before the House. I strongly feel. and I agree and compliment the vast majority of our colleagues who voted not to expel Mr. Frank. I agree with our colleague. the gentleman from Indiana and others who spoke that each of us work for .the people in our districts. and they are the bosses. and if that sanction Is to be Imposed. except in the most severe. most severe circumstances. it should be imposed by the voters. the citizens of this country. and not by other Membcrs of this House. We have to draw gradations between cases. This Is a severe case. in","Republican","(-2.325, -0.418]",1989,0
524,-0.5,2.6666666666666665,3.1666666666666665,-1.0417044,11,6,"is going to be the possibility of Presidi relaxation of some enforcement provi- Mr. p sions made by the Republicans in their to inst] socalled conference. and the con- Medic& ference does not even exist with the than $8 Democrats. So this is our last oppor- keep it tunity. I hope we will support the mo- that ai tion that is before the Senate at this budget time. tax bre","Republican","(-2.325, -0.418]",1995,0
525,1.8,3.6,1.8,-0.62388396,11,5,"Jake Garn. Many of us will recall when Senator Garn went up in space and came back. his daughter was severely ill. He gave one of his kidneys to his daughter at that hospital. The charity event has been going on ever since. I think that the Childrens Hospital in Salt Lake City receives approximately $250.000 each year from the Senators Ski Cup. There have been stories that appeared on ""Inside Edition"" and others being critical of this type of event. Yet. some of those who criticize these events have participated. I think it is fair to say that the record will show that the junior Senator from New Jersey has participated for at least 3 years. I think it is rather coincidental that we see guch criticism coinciding with our own individual election years. but I will not dwell on that. I think it is fair to recognize we","Republican","(-2.325, -0.418]",1993,1
526,1.25,3.5,2.25,-0.5146039000000001,11,8,"Mr. Speaker. I thank the gentleman for yielding me this time. Mr. Speaker. the gentleman from New York has to be personally complimented by me for advancing my proposal in front of the Rules Committee and special thanks to the gentleman from California for endorsing it in that very same body. It was a modest proposal. one that everyone understands. The budget that broke down last fall and which will be remembered by the American public broke down at a point when our troops were poised for battle in the Persian Gulf and the U.S. Government shut down. Why did it shut down? Because the Congress was irresponsible. It continues to be irresponsible year after year. allowing the fiscal deadline of September 30 to come and go without fashioning a budget. and what does it resort to? Temporary funding measures beginning October 1 to another date. like October 15 or","Republican","(-2.325, -0.418]",1991,1
527,2.1818181818181817,4.181818181818182,2,-0.24536157,11,11,"Mr. President. today I would like to recognize and congratulate a group of 11 inspiring citizens from Broward County. These exemplary volunteers have each given their time. talents. and love to their communities. On May 12. 1994. the following men and women were honored as the new members of the Dr. Nan S. Hutchison Broward Senior Hall of Fame. and their names were added to a commemorative plaque housed in the Broward County government building. . Mildred Cleinman is a dynamic senior who has dedicated countless hours to the Broward County Area Agency on Aging. In addition. she has participated as a guest lecturer for the Broward County School System and she often collects crocheted afghans and shawls for the needy elders of her community. Shirley Sumner. a true woman of valor. has earned this recognition for her fine work with the American Cancer Society. her efforts as a member","Republican","(-0.418, 1.489]",1993,1
528,1.5,3.7,2.2,0.18497929,11,10,"upon handguns do not meet the same fate as Dylan Pierce or the many other children who have died or been injured in handgun accidents. This legislation is especially necessary as long as some adults continue to carelessly store their guns. and in places where children may reach them. Preventing these tragic accidents is the sole purpose of the Child Safety Lock Act. Our legislation is simple. effective and straightforward. First. it requires that whenever a handgun is sold. a child safety deviceor trigger lockis also sold. These devices vary in form. but the most common resemble a padlock that wraps around the gun trigger and immobilizes it. Trigger locks are already used by thousands of responsible gun.owners to protect their firearms from unauthorized use. and they .can be purchased in virtually any gun store for less than ten dollars. Second. the measure requires that a warning be enclosed with","Republican","(-0.418, 1.489]",1997,1
529,-1.125,2.125,3.25,-0.432555,11,8,"major problem with the welfare system of the last 40 or 50 years. That problem is the Federal entitlement. It seems to me the maintenance of a Federal entitlement is a litmus test of whether or not we are going to have business in welfare reform or whether or not we are going to have a completely new approach. The plan offered by Senator DOLE is a completely new approachno longer a Federal entitlement. no longer an environment in which there will be an encouragement for dependency. but instead a requirement where we are going to move more people from welfare to work. I yield the floor.","Republican","(-0.418, 1.489]",1995,0
530,0.42857142857142855,2.857142857142857,2.4285714285714284,-0.5396785,11,7,"it as a businessman. I spent 33 years in the real world and I know. as Senator BENNETt has pointed out several times. that you cant operate and leave three out of five ALCs at 50 percent capacity and have any kind of competitive operation. So I said very definitely that. in my opinion. those individuals who were interested in competing in McClellan in California and in Kelly in Texas. wanted to compete on a basis where they had a tremendous advantage which is paid for by the taxpayers. So they did two things. They put two considerations in. First of all. if they want to bid and privatize in place and bid at Kelly or McClellan. they had to pay for a fair value for that facility they are using. In other words. you cant take a $200 million facility and give it to a private contractor for a","Republican","(-0.418, 1.489]",1997,1
531,2.1666666666666665,3.3333333333333335,1.1666666666666667,0.62764925,11,6,"The Clerk will designate the next amendment in disagreement. The text of the amendment is as follows: Senate Amendment No. 57: Page 50. strike out lines 8 to 11.","Republican","(-0.418, 1.489]",1993,1
532,2.7142857142857144,4.285714285714286,1.5714285714285714,2.2221255,11,7,"Mr. President. today the Senate takes up the the conference report to accompany H.R. 5334. the National Affordable Housing Act Amendments of 1992. One important section of that bill is title X. the Residential LeadBased Paint Hazard Reduction Act of 1992. This title includes important provisions aimed at reducing the threat of lead poisoning in children. In addition. title X contains a provision directing the Environmental Protection Agency to promulgate regulations. within 18 months. to identify leadcontaminated soils. This provision and the definition in the bill of ""leadcontaminated soils"" is of concern to me and to the citizens of Aspen. Telluride. Leadville. and other Colorado communities. EPA should interpret the language in title X as an indication of the need for regulations that reflect appropriate and varying action levels for lead in soils. EPAs rules should provide for the necessary sitebysite analysis that is implicit in the bills definition of","Republican","(1.489, 3.396]",1991,1
533,2,4.333333333333333,2.3333333333333335,1.7497779999999998,11,6,"or such other counsel as it shall designate. or intervention in. any litigation involving rates. preferences. rebates. or other matters vital to the interest of the Port District. provided. that notice of any such institution of or intervention in litigation shall be given promptly to the Attorney General of the Commonwealth of Pennsylvania and to the Attorney General of the State of New Jersey. and provision for such notices shall be made in a resolution authorizing any such intervention or litigation and shall be incorporated in the minutes of the commission. ""(j) The establishment. maintenance. rehabilitation. construction and operation of a rapid transit system for the transportation of passengers. express mail. and baggage. or any of them. between points in New Jersey within the Port District and points in Pennsylvania within the Port District. and intermediate points. Such system may be established either by utilizing existing rapid transit systems. railroad","Republican","(1.489, 3.396]",1991,1
534,0.25,2.875,2.625,1.9569477,11,8,"Another concern that I have is about the need for the presentation of an image of whatever materials it may be that triggers the alarm on any detection device. For the protection of the operators. bystanders. and others. it seems to me that. once there Is a determination that a plastic explosive may be present. it would be helpful to know where in the suitcase it is likely to be. what shape it is. and any other information that could be gleaned from an image. Will the Senator Incorporate an imaging standard in discussions in the conference committee. or in any future Initiatives on airport security?","Republican","(1.489, 3.396]",1989,1
535,1.7142857142857142,4,2.2857142857142856,3.1820333,11,7,"Accordingly. I would like to have this project considered by the Department as having been referenced in the committee report along with the other worthy programs cited and recommended. The Miami Project to Cure Paralysis is deeply involved in finding .new approaches to improve recovery after spinal cord injury and- seeks funds for essential laboratory facilities and equipment that will enhance their work in developing methods to utilize cellular implants and supporting devices to foster repair of injured nervous systems. The facility would include equipment for largescale growth of cells and tissue culture including human cells for the development of model systems for the study of spinal cord injury and regeneration. including analysis of motor and sensory function. The project would also enhance their work in progress on the development of computeraided devices to facilitate movement in partially impaired patients with spinal cord injury. I hope to ensure that this Project is given every consideration and recognition. and hope you will join me in recommending that the Department give every consideration to this project.","Republican","(1.489, 3.396]",1993,1
536,1.625,3.625,2,2.079238,11,8,"I say to the Senator it is $100.000 for new construction. $25.000 for alteration. repair. renovation. rehabilitation. The second part deals with contract splitting. There is a whole provision in here affecting the reporting requirements. to allow inspection of payrolls by interested parties. This was an important issue to determine which workers are actually being covered. We will have an opportunity to discuss the compliance provision. the definition of various employees.","Republican","(1.489, 3.396]",1995,1
537,-1.6,1.6,3.2,-1.9603047,12,5,"So what should we do about this? Is this not a bit dishonest for the Republican leadership?","Republican","(-5.2, -2.952]",2005,0
538,0.07692307692307693,2.8461538461538463,2.769230769230769,-0.6337228,12,13,"Mr. President. this is an amendment from myself and Senators KYL. BINGAMAN. HUTCHISON. KEN-","Republican","(-5.2, -2.952]",2003,1
539,-3,1.375,4.375,-1.7053726000000002,12,8,"Mr. Speaker. now did not this silly rule that the silly Republicans have on the other side-","Republican","(-5.2, -2.952]",2001,0
540,-0.5,2.5,3,-3.0542572,12,14,"religion. It was a cowardly attack on innocent people: mothers. fathers. sons. and daughters simply going about their daily routines. Our hearts may be broken and our eyes full of tears. but we Americans have a message for those who carried out this cowardly attack and for those who gave them assistance and shelter: let this be a warning to any who wish to harm us. Americans will not back down. Americans will never live in fear. As Thomas Jefferson once said: ""I have sworn upon the alter of God eternal hostility. against every form of tyranny over the mind of man."" We will persevere over the tyranny of terror. and we will persevere over tyrants everywhere. God bless America. God bless our people.","Republican","(-5.2, -2.952]",2001,0
541,2.4,3.8,1.4,-0.76418257,12,5,"This will be a 15minute vote. followed by two 5minute votes.","Republican","(-5.2, -2.952]",1999,1
542,2.8333333333333335,4.166666666666667,1.3333333333333333,-0.8762167,12,6,"Mr. Speaker. a patriotic veteran and rolemodel citizen recently passed away in Greensboro. North Carolina. On behalf of the citizens of the Sixth District of North Carolina. I rise to honor John Seymour Starr. a World War II veteran. who dutifully fought for his country from an early age. Only nine days after his 18th birthday. Starr enlisted in the army and joined General George Pattons 3rd Army as a machine gunner on the back of a jeep in the 2nd Cavalry. 42nd Recon. As one of Pattons ""Ghosts."" Corporal Starr put his life on the line day after day scouting ahead of the division to locate and engage the enemy in order to determine their strength and position for an armored assault. Just months after entering the fight. on August 8. 1943. Corporal Starrs jeep drove over a land mine on Frances Breast peninsula killing the driver and passenger.","Republican","(-2.952, -0.713]",2005,1
543,-1.25,2.125,3.375,-1.5617617,12,8,"People say you are going to do immigration reform before the border is secured. How are we going to do that when the law says you throw the rest of -the bill away until we have secured the border. and then it tells you what border security is? That has been worked on day and night. That has been done to try to calm so many thousands of people who have been indoctrinated to believe that the only thing we should do is make the border secure. So all they are going to ask you when you go home is: Did you secure the border. Senator? And. Senator. I heard from such and such that you didnt secure the border. Senators ought to carry around a piece of paper that has this border security provision on it. and you ought to take it out and read it to your constituents.","Republican","(-2.952, -0.713]",2007,0
544,-0.6666666666666666,2.5,3.1666666666666665,-2.5562623,12,6,"very dangerous industry. So do farmers. Is a farmer more vulnerable than a steelworker? I do not know. Maybe a farmer is. but not where I come from. I very much regret this action on his part. Let me conclude by saying this: We now know that the President doesnt have a commitment to steelworkers and to the steel industry. We know he has no regard for how peoples lives and entire communities are going to be affected. I have believed that for a long time. Now it is proven. It is clear. He is moving aggressively with the help of some of our colleagues. unfortunatelymost of them on the other side but a couple on this sideto simply walk away from steelworkers. I think that is a kind of betrayal by somebody who claimed to be a friend of the steel industry. The President and the Vice President were","Republican","(-2.952, -0.713]",2001,0
545,-1.4285714285714286,2.142857142857143,3.5714285714285716,-2.3807487000000003,12,7,"Mr. President. as an original cosponsor. I rise today in support of S.J. Res. 14. which would amend the United States Constitution to prohibit the desecration of our flag. Opponents to this measure contend that the right to desecrate the flag is the ultimate expression of speech and freedom. I reject the proposition as I believe that the desecration of our flag is a reprehensible act which should be prohibited. It is an affront to the brave and terrible scarifies made by millions of American men and women who willingly left their limbs. lives. and loved ones on battlefields around the world. It is an affront to these Americans who have given the greatest sacrifices because of what the flag symbolizes. To explain what our flag represents. former United States Supreme Court Chief Justice Charles Evans Hughes in his work. ""National Symbol."" said. The Flag is the symbol of our","Republican","(-2.952, -0.713]",1999,0
546,-0.25,2.625,2.875,-2.1144537999999997,12,8,"are setting up a false dichotomy. We are talking about a rational policy towards a hostile dictatorship. not an isolationist policy of ignoring overseas threats. In fact. those of us who are advocating to have a strong and forceful policy toward China. we are exactly the opposite of those who want to overlook Communist Chinese aggressions. Those are the ones who are more akin to the isolationists of the past. In fact. they are relying on wishful thinking instead of making the tough decisions that are necessary to avert war. We are the realists. We are not isolationists. We are the ones who are asking for a policy that makes sense when confronting a dictatorship. And dictators do not respect weakness. They respect strength. they respect purpose. they respect people who watch out for their own interests. I introduced a resolution. as my colleague is aware. I introduced this resolution","Republican","(-2.952, -0.713]",1999,0
547,1.4285714285714286,3.2857142857142856,1.8571428571428572,1.7411312,12,7,"the National Park Service testified in support of the legislation. noting that the pipelines would cross or parallel only park roads and not involve other park resources. The National Park Service also assured the committee that all necessary steps would betaken to ensure that these pipelines have no negative impact on park resources or visitor use. Given those assurances and relying upon them. we have no objection to consideration of H.R. 3380 by the House today. * Mr. Speaker. I yield back the balance of my time.","Republican","(-0.713, 1.526]",2001,1
548,1.2222222222222223,3.2222222222222223,2,-0.15834749,12,9,"the chairman. executive chairman. eleven board members. and the commission staff. As chairman. the islands governor. the Honorable Carl T.C. Gutierrez. committed extensive resources in support of the Games. It was all a great success. Competing on home turf. Guam athletes gave their best performance yet. I would like to commend and congratulate Team Guam for their superb performance. efforts and contributions toward the success of the Games. Participating in regional competitions such as the South Pacific Games strengthens our relations with our neighbors and prepares our athletes for higher levels of competition. I am pleased to submit for the RECORD the names of the Guam athletes who have distinguished themselves by winning medals in the 1 th South Pacific Games.","Republican","(-0.713, 1.526]",1999,1
549,1,3.3333333333333335,2.3333333333333335,0.027306244,12,12,"education that they have. somehow bring home less money. It is time we stopped talking about it. stopped sloganizing it. and do something about it. So the President has put in $27 million for an equal pay initiative for enforcement of the Equal Pay Act and for other purposes related to enforcement. I like and I hope all of us will like the part that says. to teach business how to meet the legal requirements. We think that one of -the reasons that there continues to be unequal pay is that business has not been well educated on this important section that has.been in the law.since 1963. It was passed before the laws barring discrimination on the basis of race were passed. If in fact we use the traditional apparatus. we can come together on the widelyhailed notion of equal pay. I believe that the Presidents proposal will help us.","Republican","(-0.713, 1.526]",1999,1
550,0.7,3.4,2.7,-1.0194874,12,10,"claim. Jacksonville maintains a strong commitment to armed services. and has two major Naval facilities there. The successful transformation of Jacksonville over the past two decades owes much to Tillie Fowler. She worked on behalf of the area as a volunteer and as an elected official at the local and Federal level. This dedication to public service is really a family trait. While making a run for Congress in 1992. she offered to limit herself to four terms. All of- us went up to her after she was in the midst of trying to decide to tell her. I think your constituents would be very happy if you continue serving. but she was quite principled. and she said she was going to leave Congress and honor her four terms. In fact. I believe the leadership asked her to stay. She accomplished many of the goals she set out to achieve.","Republican","(-0.713, 1.526]",2005,1
551,0.7777777777777778,3.2222222222222223,2.4444444444444446,0.25634387,12,9,"remains an inseparable part of our Nations overall foreign policy. national security and economic interests. This is a responsible bill that effectively allocates the foreign assistance that we have available. For the first time ever. this foreign operations bill includes funding for the Millennium Challenge Account. some $800 million. Our President deserves some great credit for proposing this initiative. The strength of the MCA. or Millennium Challenge Account. is that it focuses responsibility for economic growth on the policies of the governments of developing countries. One important lesson the United States has learned from our experience is financial assistance can only be effective when developing countries are committed to establishing the necessary economic. legal. and political reforms. With our financial assistance. we can help a country grow. but we cannot make a country grow. The governments have to have the tight policies in place. In light of this reality. MCA","Republican","(-0.713, 1.526]",2003,1
552,2.0833333333333335,3.8333333333333335,1.75,2.2788146,12,12,"(during consideration of H.R. 4759). from the Committee on Rules. submitted a privileged report (Rept. No. 108604) on the resolution (H. Res. 715) providing for consideration of the bill making appropriations for foreign operations. export financing. and related programs for the fiscal year ending September 30. 2005. and for other purposes. which was referred to the House Calendar and ordered to be printed.","Republican","(1.526, 3.764]",2003,1
553,1.4444444444444444,3.5555555555555554,2.111111111111111,2.270332,12,9,"dental and eye health professionals by requiring companies to provide coverage in underserved areas. For example companies selected to provide coverage to a particular region would be required to develop and maintain provider networks in all States. including States where access to care may be less available. While the legislation lists general categories of benefits that may be offered under the new programs. the statutory model is flexible to ensure that the benefit packages can be modified over time to incorporate future advances in dental and vision products. therapies. and technologies. Employees look to their employer to provide education about their benefits. For- this reason. the legislation requires OPM to make available the educational tools necessary so that Federal employees have a clear understanding of the choices available to them. Employees will have access to information on how the voluntary plans. can supplement the existing. though limited. coverage offered by","Republican","(1.526, 3.764]",2003,1
554,0.16666666666666666,3,2.8333333333333335,1.6256169,12,6,"do just that. It will strengthen our ability to compete in the 247 global economy: I amglad to hear the other side. and the gentleman from New Jersey indicate that this will increase the level of discourse and discussion in the classroom by the participation of adjunct faculty. This amendment does not create a new program. Rather. it is an innovative. fiscally responsible approach that overhauls and updates an existing prograh. . Over time. it will increase the number of science. technology. engineering and math graduates in America. I commend the gentlewoman for her leadership.","Republican","(1.526, 3.764]",2005,1
555,1.1666666666666667,3.6666666666666665,2.5,2.0313845,12,6,"plants and pests by giving the Animal and Plant Health Inspection Service greatly enhanced investigatory and enforcement tools. The Plant Protection Act will streamline and consolidate- existing statutes into one comprehensive law and eliminate outdated and ambiguous provisions. It will also boost deterrents against trafficking of prohibited species by increasing monetary penalties for smuggling. and it will provide USDA with a comprehensive set of investigatory tools and ensure transparency for our trading partners. Mr. Speaker. I believe that this provision of the conference committee report is an important step forward in protecting American agriculture. and I thank the chairman for his support for this.","Republican","(1.526, 3.764]",1999,1
556,3,4.545454545454546,1.5454545454545454,1.8349546,12,11,"shows the Congress strong support of a broad variety of efforts to stem the proliferation of nuclear materials and expertise from the former Soviet Union. For other programs within the Department of Energy. the conference agreement provides $422 million for solar and renewables. which is $33 million below the request but $60 million over current year. For nuclear energy. the conference report provides $260 million. $28 million below the request. The decrease is due to a transfer of cleanup obligations to the Office of Environmental Management. Nuclear power R&D actually increased significantly over current year. The conference report provides $6.8 billion for environmental cleanup at DOE sites across the country. That is $56 million over the request and $496 million over current year. For the Office of Science. the conference report provides $3.19 billion. $24 million over the request and $400 over current year. The conference added over $300 million","Republican","(1.526, 3.764]",1999,1
557,1,3.111111111111111,2.111111111111111,-2.5076267999999997,13,9,"as he was falling, Muhammad Ali, as all boxers are trained all their life to do, cocked his arm to hit him with what is known as the ``killing punch.'' And George Foreman said, ``I looked up out of my left eye, just partially conscious, knowing I was going to the floor, and he never threw that punch. So for me, he's not the greatest champion that ever lived for the punches he threw; it's for what he didn't do. It's the punch he didn't throw.'' And the very people who besmirched and impugned this prince of peace at the end of his public career, when they fell on hard times and they fell by the sword they had so recklessly wielded, not once in private and certainly never in public did Jim Wright throw that punch. He could not retaliate. He didn't just talk Christian forgiveness; he lived it.","Republican","(-4.311, -2.434]",2015,1
558,-0.6,3,3.6,-2.2330287,13,5,"Mr. Speaker. I rise today to honor and celebrate the life of a patriot and dear friend. Mary Caldwell Plumer. known as Mere. Mere accomplished so much throughout her long and rewarding life and did it with a constant smile and positive outlook. We treasured the moments we had with Mere because we knew we could not have her forever. As per her wish. I will not stand by her grave and cry but adhere to the standards she established and always maintained of loving life and each other. Her friends. family. and loved ones admired her. and we were blessed to have known her. Mr. Speaker. Mere is now reunited with her husband of 45 years. Dick. and two of her children. Penny and Christopher. Though Heaven has gained her. we have not lost her. and we will never lose her. for she is rooted in our hearts and in our memories now and forever. Mere is survived by her daughter and soninlaw. Patience and Charles Flick. her son. Richard. and her three loving grandchildren. Penny. Bonnie. and Willis Flick. May God bless and keep Mary Caldwell Plumer in His bosom.","Republican","(-4.311, -2.434]",2015,0
559,-1.1111111111111112,2.2222222222222223,3.3333333333333335,-2.5700846,13,9,"invoked. the filibuster could not be overridden. and this bill could be stopped dead in its tracks. And it would have been. Mr. Speaker. It would have been. except for smoke and mirrors. hook or by crook. promise them everything. anything you have to to get a vote. and then this arcane. strange stuff called reconciliation. And really. Mr. Speaker. what was done here 3 months ago. we celebrate this 3month anniversary. a bill. a massive 2.500page bill. was crammed down the throats of the American people. Now they aint done. I will say this. Mr. Speaker. It aint overit isnt overit isnt over until the people win. And I tell them. I tell them in Georgia and my colleagues tell them all across the country. you resist. You continue to resist. Dont roll over and say. its done. its a fait accompli. its passed. theres nothing we can do","Republican","(-4.311, -2.434]",2009,0
560,-2.5,1.5,4,-1.4173434,13,8,"I am sure that the gentlelady does not mean to suggest that there is meanness going on. I would ask the gentlelady.","Republican","(-4.311, -2.434]",2011,0
561,-1.1428571428571428,2.2857142857142856,3.4285714285714284,-1.7384138999999998,13,7,"Well. its truly not bipartisanship. its only the show of bipartisanship designed for two things: so they can say. Well. weve negotiated with Republicans on CSPAN. We didnt shut them out. Thats really it. The gentleman from Georgia.","Republican","(-4.311, -2.434]",2009,0
562,1.3333333333333333,3.6666666666666665,2.3333333333333335,-0.7480649,13,9,"Supreme Court is now at stake, and the election for our next President is also, of course, well underway already. So it is the people who should determine what kind of Supreme Court they wish to have. Now, the President is entitled, of course, to discharge his own constitutional authority to nominate. No one can take that from him. That belongs to him. But the Senate is equally entitled to withhold consent and to protect the people's voice. We have to remember that it was considered at the Constitutional Convention the possibility that the Senate would itself have the exclusive power to nominate executive branch officials. It was also suggested that the Senate be given a veto power over the President's appointment prerogative. Neither of those ended up in the Constitution. Instead, what ended up in the Constitution, based, I believe, on the Massachusetts Constitution, was a shared power one","Republican","(-2.434, -0.564]",2015,1
563,-2.1666666666666665,2,4.166666666666667,-1.5814152,13,6,"I agree with my friends on the Democratic side of the aisle. when folks are facing disaster. they dont want to have to ask that question. When folks are facing personal tragedy. they dont want to have to ask that question: Will there be money there? Will there be help there? No. in our communities. we know the help is going to be there. We know our neighbors are going to be there for us. and we know our families will be there for us. And for the first time in a long time. Mr. Speaker. we now know that the American Congress is going to be there. too. because we are changing business as usual. We asked the question: Can we do better? And the Speaker and the committee chairmen said. Yes. Yes. we can. I encourage support for the rule. and I encourage a vote on the underlying resolution. The material previously referred to by Ms. SLAUGHTER is as follows:","Republican","(-2.434, -0.564]",2011,0
564,-0.2222222222222222,2.7777777777777777,3,-1.0764371,13,9,"I thank the gentleman from Texas for yielding. If theres anything that we have learned. Mr. Speaker. over the last several years as weve debated the Presidents health care plan. it is that its been a mirage. and it has been built on a series of one broken promise after another. The President told us that we would be saving $2.500 a year per household if we passed his health care bill. But the sad reality is that Americans health insurance premiums have increased by almost that amount. which means the President was off by a stunning $5.000 per household. And Americans are pulling their pockets inside out saying. Mr. President. I dont have the money to pay $5.000 more per year on my health insurance policy. Of course they dont. Because this has proved to be the crown jewel of socialism. Thats what government health care is. Senior citizens","Republican","(-2.434, -0.564]",2011,0
565,-1.375,2,3.375,-1.4803031999999998,13,8,"this is going to be good for reelection. Were going to go do X. Y. or Z. Its not going to happen. Its not going to be real. But were going to play the game. The folks on this committee this year. the freshmen in the body this year. would rather lose in November. having tried each and every day to do the right thing. than win in November. having played the game the way its been played for so many years. So serious is the effort in the Ways and Means Committee that it was included in the Housepassed budget this yearflatter. fairer rates. eliminating exemptions. loopholes. carveoutsall of those things that the American people look at and lose faith in this body. Youve stood up to them all. Youve stood up to them all in the Ways and Means Committee. Weve stood up to them in the Budget","Republican","(-2.434, -0.564]",2011,0
566,2.2,4,1.8,-0.40291148,13,10,"yet they are not household names. That is unfortunate. We must remember our warriors from 100 years ago because the greatest tragedy of war is to be forgotten. First Lieutenant Frank Luke, Jr. Known as the ``Arizona Balloon Buster,'' Lieutenant Luke was born into a family of nine siblings in Phoenix, growing up a keen sportsman and bare-knuckle boxer a pursuit that would help prepare him for the fight to come. Lt. Luke enlisted in the Aviation Section of the U.S. Signal Corps in 1917 and received his training in the Great State of Texas before being deployed to the Western Front. Perhaps reflecting his childhood sports prowess, Lt. Luke went on to become one of an elite number of ``fighter aces,'' and in September 1918, he successfully completed a record personal campaign against German observation balloons and aircraft, earning him his nickname. He died in combat on 29 September","Republican","(-2.434, -0.564]",2015,1
567,1.8,3.6,1.8,1.8422862,13,5,"Mr. Speaker. I yield myself such time as I may consume. Mr. Speaker. H.R. 35. the LowDose Radiation Research Act of 2015. will increase our understanding of lowdose radiation. This research is critical for physicians and decisionmakers to more accurately assess potential health risks in this area. I want to thank my friend. Mr. HULTGREN. for introducing this legislation along with Mr. LIPINSKI of Illinois. A virtually identical bill passed the House by a voice vote this past November in the previous Congress. Many Americans are exposed to a broad range of low doses of ionizing radiation. These range from cosmic background radiation to medicallybased procedures which include x rays and CT scans. However. our current approach of radiation safety relies on an outmoded assumption that because high doses of radiation are harmful. it necessarily follows that much lower radiation doses are also harmful. This assumption is not based on","Republican","(-0.564, 1.305]",2015,1
568,0.2857142857142857,2.5714285714285716,2.2857142857142856,-1.0323265,13,7,"is also right. When everybody shows up when something is going on. and when people work well together. good things happen. Working well togetherin our case. bipartisanshipis not a goal. just as working well together was not the goal of the football team. They wanted the championship. It was not the goal of the students. They wanted the scholarship. But they knew they had to work well together as a community to get a result. They got a championship football team. They got the best school district in the State. Perhaps that is a lesson for the Senate as we seek to take the very difficult responsibilities we have and earn the respect of the men and women of this country who hired us and sent us here to solve problems. That is why today I would like to celebrate the success of the championship football team of Maryville High School and the championship school district of Maryville. TN. and suggest their lesson of working well together might be a good lesson for us. I yield the floor.","Republican","(-0.564, 1.305]",2011,1
569,0.375,3,2.625,1.9829016,13,8,"reform legislation when it was publicly issued on March 18. which was 3 days before the House vote took place on March 21. Because of the complexity of the legislation. it was not possible to estimate the bills financial and other impacts before the House or the Senate voted. We began to work on the estimates right away. but were not able to finalize them until the afternoon of Well. obviously. it would have been helpful to have received this information when I had first requested it. It would have been helpful to have received this information before filing the resolution of inquiry. but it doesnt answer the broader question. Okay. I accept the chief actuarys version of the events. He has got no reason to tell me anything other than what is factual and truthful. but if what he says is factual and truthful. the legislation was publicly issued","Republican","(-0.564, 1.305]",2009,1
570,0.5,3,2.5,-0.7212714,13,6,"I thank the gentleman for yielding. Mr. Speaker. I rise today in support of H.R. 2393. the Country of Origin Labeling Amendments Act of 2015. This very important legislation is a direct response to the fourth and final World Trade Organization ruling that mandatory country of origin labeling. or COOL. is anticompetitive and will allow Canada and Mexico to seek over $3 billion in tariffs on American products. directly placing American producers at a competitive disadvantage. H.R. 2393 removes cattle. hogs. and chicken from COOL labeling to allow our producers to maintain access to two of our largest trading markets and protect U.S. exports from destructive sanctions. Again. I urge my colleagues to adopt this combined rule and vote in support of the COOL Amendments Act. I encourage the Senate to move this legislation as quickly as possible so our producers can compete on a level playing field.","Republican","(-0.564, 1.305]",2015,1
571,1.625,3.75,2.125,0.18138087,13,8,"still recovering from the devastating storms of 2005 when we were hit with the latest disaster. The oil spill in the Gulf of Mexico in April presents us with economic. environmental. and health challenges of unprecedented proportions. The shutters have gone down on businesses throughout the gulf region because they simply do not have the shortterm or longterm resources to operate. Industries such as fishing and seafood processing. recreational fishing. restaurants. and tourism are all suffering disproportionately. I have spoken with hundreds of fishermen and oystermen from my district who are no longer able to fish the waters they and their families have fished for generations. Many have spoken of desperation in not knowing how they will provide for their families. Tens of thousands of claims have been filed through BP. and the SBA has made disaster loans available to businesses adversely affected by the oil spill. and they will","Republican","(-0.564, 1.305]",2009,1
572,1,3.2857142857142856,2.2857142857142856,1.8465798,13,7,"Mr. Chairman. I rise in opposition to the gentlewomans amendment. The gentlewomans amendment makes everything a priority so that nothing really is. This amendment rubberstamps the administrations budget request. which fails to make choices. spreading a little bit of research funding around to try to please everyone. Compared to the gentlewomans proposal. H.R. 1806 funds 329 more new grants in biology next year. 398 more new grants in computer science. 457 more new grants in engineering. and 955 more new grants in math and the physical sciences. These are research grants that are going to universities and research institutions across the country. fueling innovation and driving economic competitiveness in the United States.","Republican","(1.305, 3.174]",2015,1
573,2.2,3.8,1.6,3.4501016000000004,13,5,"in coordination with appropriate federal agencies, the National Advisory Council, and private entities. Requests to use grants to purchase equipment that does not meet such standards, or for which no such standards exist, are subject to further review and approval by FEMA. H.R. 5460 would require FEMA to implement a uniform process for reviewing applications for grants intended to support purchases of innovative equipment that does not meet or exceed current applicable standards or for which no voluntary standards exist. The bill also would require the Inspector General of the Department of Homeland Security to assess and report on FEMA's implementation of the new review process. Based on information from FEMA, CBO estimates that implementing this legislation would not have a significant effect on the federal budget. According to the agency, grant recipients rarely request permission to purchase equipment that does not at least meet current standards or for which","Republican","(1.305, 3.174]",2015,1
574,0.8333333333333334,3.3333333333333335,2.5,2.6791954,13,6,"a major U.S.-led combat operation. But the window of opportunity is closing. That is why I am supporting the Presidents request and have agreed to draft an amendment to the continuing resolution based on a modified version of the administrations initial proposal. My amendment would allow the Secretary of Defense to provide assistance. including training. equipment. supplies. and the sustainment of the vetted opposition. The provision is intended to authorize activities necessary to facilitate such training and equipping activities. including the appropriate modification of existing facilities and the establishment of expeditionary facilities suitable for such training and accommodation. as well as payment of stipends to trainees. The Presidents request did not specify the amount of funding that would be required for this effort and contained few oversight requirements. Therefore. my amendment would strengthen congressional oversight by requiring detailed reports. including progress reports on the plan. the vetting process. and the","Republican","(1.305, 3.174]",2013,1
575,0.6,3,2.4,2.281282,13,5,"for sea turtles and almost unusable for recreational purposes. The City believes that restoration of the beach is a primary component of preserving safe passage along AlA while E426 also providing public recreational opportunities and environmental habitat. Pursuant to the Republican Leadership standards on earmarks. I am submitting the following information for publication in the received as part of the Commerce. Justice. Science section of the FY09 Omnibus Appropriations Act. Department of Justice. OJPByme Discretionary Grants Account for Putnam County for the Childrens Advocacy Center. I have received $330.000 in the FY09 Omnibus Appropriations Act. The entity to receive funding for this project is Putnam County. PO Box 758. Palatka. FL 32178. The FY 2009 funding will assist Putnam County. FL to renovate and equip a new 2500 sq. ft facility to address child abuse cases in this affected area. This new facility will provide children. their families. case workers.","Republican","(1.305, 3.174]",2009,1
576,1.7,3.6,1.9,2.3099573,13,10,"memberships. care for veterans in prison and unapproved drugs and devices. Section 4 of H.R. 5953 states: ""Nothing in this Act shall be construed to establish a right to any service excluded under 38 CFR 17.18. as in effect on the date of enactment of this Act."" Specifically the services listed as exclusions under 38 CFR 17.38 as of the date of enactment of H.R. 5953: (1) Abortions and abortion counseling. (2) In vitro fertilization. (3) Drugs. biologicals. and medical devices not approved by the Food and Drug Administration unless the treating medical facility is conducting formal clinical trials under an Investigational Device Exemption. IDE. or an Investigational New Drug. IND. application. or the drugs. biologicals. or medical devices are prescribed under a compassionate use exemption. (4) Gender alterations. (5) Hospital and outpatient care for a veteran who is either a patient or inmate in an institution of another government","Republican","(1.305, 3.174]",2009,1
577,0.625,3.125,2.5,-1.905906,14,8,"and Mickey sang for us, delighting the crowd. We even presented him with a copy of a tribute I did to him on the floor of the U.S. House of Representatives and a plaque commemorating the event. Mickey Gilley will be missed, but his legacy will live on not only in the hearts and minds of those who loved his music, but also in America's love for country music. Wrangler jeans, cowboy boots, and pickup trucks will all be remembered because of him. Mickey Gilley has even been featured in the popular ``Texas Hot Country Magazine.'' Gilley was preceded in death by his wife, Vivian, who passed in 2019. He is survived by his wife, Cindy Loeb Gilley; his children, Kathy, Michael, Gregory, and Keith Ray; four grandchildren; nine great- grandchildren; and his cousins Jerry Lee Lewis and Jimmy Swaggart. Thank you, Mickey Gilley, for introducing our way of life to the world. You will forever be a legend. Mourning the Loss of Ken Clark","Republican","(-3.397, -1.852]",2021,1
578,0.8,3.2,2.4,-2.0008209999999997,14,5,"matter; our laws protect everyone. That should have been a unifying moment, and the cynical, violent, radical criminals decided to co-opt these protests to turn them into, in far too many instances, riots violent riots, terrorizing their fellow citizens. George Floyd was a native Houstonian my hometown. I love the city of Houston. George Floyd was active in his church in Houston. Next week, Mr. Floyd will be coming back to Houston for the last time to be buried in Houston. I am proud that last night, in the city of Houston, thousands came out to protest, and there wasn't violence last night; that the people of Houston demonstrated that you can speak, you can speak for racial justice, you can speak out against brutality without engaging in violence. But there has been too much violence across the country and, sadly, too many politicians who are complicit in violence, who","Republican","(-3.397, -1.852]",2019,1
579,2,3.6,1.6,-2.4397955,14,5,"us just like the cook who kills the frog in a pot of boiling water, smiling and cajoling as it slowly turns up the military and economic heat. The disappearance of traditional media and the emergence of social media have made it more difficult to unite the country. Conspiring voices online prey on the human tendency to diminish the dignity and worth of people of different views, of different races, religions, or colors. Contempt rather than empathy is a growing feature in our politics and media. Each of us must make an effort to shut out the voices of hate and fear, to ignore divisive and alarming conspiracies, and to be more respectful, more empathetic of our fellow Americans. And when it comes to cooling the rhetoric and encouraging unity, there is no more powerful medium than the bully pulpit of the President of the United States. Bringing a nation","Republican","(-3.397, -1.852]",2019,1
580,0,3,3,-2.1675866000000004,14,7,"come together and defend our freedoms, so we should do that. That is what I am on the floor here today to do. I am introducing a simple resolution today that will give every Member of the Congress the House and Senate the opportunity to tell our constituents whether we still believe in the First Amendment. It is an opportunity to show the American people that bigotry against religion in the name of partisan politics is not permitted in our system of government. This isn't a Republican or a Democratic premise; this is an American idea, that we condemn politicians who say they are going to police other people's religious beliefs. Congress doesn't target or punish organizations that are exercising constitutionally protected rights. This really shouldn't be complicated. Government doesn't rifle through your pastor's or your rabbi's sermon notes. Government doesn't tell your clerics what they can or can't say.","Republican","(-3.397, -1.852]",2019,0
581,2.3333333333333335,4.111111111111111,1.7777777777777777,-0.7126326,14,9,"and older daughter, who lives in Sioux Falls, both of whom were in their basements last night as, I think, most residents were. I am glad to hear that people took the necessary steps to keep themselves and their families safe. As I have reported, so far knock on wood we are not aware of injuries that have been associated with this. Yet I will continue to monitor the situation, and my staff and I are available to help with whatever will be needed as a result of this storm. Remembering September 11TH Mr. President, it is difficult to believe it has been 18 years since the September 11 attacks. That bright September morning is seared in our minds as if it were yesterday the shock, the horror, the sense of unreality in the days that followed, the grief and loss but also the resolve and the unity of purpose.","Republican","(-1.852, -0.313]",2019,1
582,-1.4,2.2,3.6,-1.4183207,14,5,"Josh Kindred will get it. He understands Alaska's unique legal jurisprudence. He is committed to honoring the commitments this body has made to Alaska's first peoples and others in my great State, and he is committed to justice. I believe he will serve with honor and integrity on the Federal court, and I urge my colleagues to vote for his confirmation. I yield the floor.","Republican","(-1.852, -0.313]",2019,0
583,-0.2222222222222222,2.6666666666666665,2.888888888888889,-1.3141876,14,9,"for the House to send the Articles of Impeachment to the Senate 58 percent. This delay isn't putting President Trump in a bad position. In fact, it is further proving the partisan motivations that have been driving the House impeachment inquiry from the very beginning. Speaker Pelosi obviously isn't doing this for the good of House Democrats. Their role in the impeachment inquiry is finished. As I mentioned, a number of her own Members think she is making a big mistake by holding up the articles. This clearly isn't giving our Senate Democratic colleagues a leg up. Several of our colleagues in the Senate have voiced their desire to get this thing going, as one has said. In fact, I think it is actually harming our Senate Democratic colleagues who are on the Presidential campaign trail. Can you think what Senator Warren, Senator Sanders, Senator Klobuchar, Senator Bennet, and Senator","Republican","(-1.852, -0.313]",2019,0
584,0.4,3.4,3,-0.4887191,14,5,"was fortunate enough to attend Sergeant Carraway's memorial service in Florence. It was a beautiful tribute to a life of service. This man was a decorated police officer, Air Force Reservist, coach, mentor, loving husband, father, and friend. Like many of those we are remembering this week, the Terrance Carraway's of the world are the foundation of America's goodness. This is but one small example of how our law enforcement officers put themselves in harm's way for the betterment of the community on a daily basis. These officers answered a call to take a suspect off the street, and it cost them their lives. It is our duty to honor and remember their contribution and their sacrifice. Earlier this week I introduced a resolution to commemorate National Police Week. Included are the names of 159 brave men and women who answered the call of duty, but were sadly taken from","Republican","(-1.852, -0.313]",2019,1
585,1.5,4,2.5,0.6761775999999999,14,8,"saw the hard work that the U.S. Government is doing to support international law enforcement investigations to capture MS-13 gang members. The bill also prioritizes security assistance to combat transnational crime and to improve security and counternarcotics efforts at their borders and ports. This legislation also supports the amazing work of faith-based organizations that are engaged with the private sector to provide employment for youth and prevent them from joining gangs. This bill builds on existing efforts to increase coordination with Mexico in our shared efforts to curb illegal migration, spur economic development, and combat corruption in the Northern Triangle. I understand and share the President's frustration with the continued stream of migrants to our southern border, and as a native Texan, I understand the unique challenges caused by illegal migration to our border. Addressing this problem requires a comprehensive solution and utilizing all tools at our disposal, including foreign","Republican","(-0.313, 1.226]",2019,1
586,-1.5,1.875,3.375,-1.0015199,14,8,"the President to answer the articles and send his counsel. So the trial will commence in earnest on Tuesday. First, Mr. President, some important good news for the country. We anticipate the Senate will finish the USMCA tomorrow and send this landmark trade deal to President Trump for his signature. This is a major victory for the administration, but more importantly, for American families. Let me close with this: This is a difficult time for our country, but this is precisely the kind of time for which the Framers created the Senate. I am confident this body can rise above short-termism and factional fever and serve the long-term best interests of our Nation. We can do this, and we must. I suggest the absence of a quorum.","Republican","(-0.313, 1.226]",2019,0
587,-1,2.5,3.5,-0.7508695,14,10,"it this way. But it didn't remove any costs. Then we will actually do things that are saying: Well, we believe this will actually get more participation in the marketplace, and that will actually create actuarial stability. But, ultimately, if you actually take a step backwards and think about, in society, what do any of these do to actually remove costs? And I want to argue there is a technology disruption revolution about to hit in healthcare. The poster next to me actually is a handheld ultrasound. Think about an ultrasound that is the size of your phone. You take it, you actually plug it into your phone, and you have an ultrasound; something that, just a few years ago, was really expensive, you can have in your pocket. It is under a couple of thousand dollars, and, apparently, the prices are crashing because there are now multiple competitors in","Republican","(-0.313, 1.226]",2019,0
588,1.9230769230769231,3.6923076923076925,1.7692307692307692,0.5618843000000001,14,13,"Madam Speaker, I ask my colleagues to join me in congratulating the 2019-2020 Congressional Youth Advisory Council (CYAC). Over the past year, students from public, private, and home schools in grades 9th through 12th across Texas' Third Congressional District participated in my inaugural youth program. From student governments, athletics, fine arts, honor societies, and a multitude of community and civic organizations, these servant leaders proved to be engaged members of our community as they learned more about our democracy. During the past school year, students assembled on multiple occasions to discuss issues of importance to their generation and our country as a whole. In addition to attending various interactive information sessions, students shared their feedback by completing multiple assignments on current events and topics associated with our meetings. These young leaders truly capitalized on their experience by engaging in policy discussions while offering innovative solutions on issues of the day.","Republican","(-0.313, 1.226]",2019,1
589,2,3.6,1.6,2.3170152,14,5,"Act. While I appreciate the DOD's guidance, I know all too well that regulatory changes do not provide certainty. We cannot risk the guidance being overturned by future administrations. So, in conversations with DOD, I asked if they had any objections to the Colorado language that is laid out in the AP/1 handbook being codified. Subsequently, in direct correspondence with my office on both May 13 and June 4 of this year, DOD both times stated no objection to the codification. The only way to be able to provide certainty for HAATS is to ensure the implementation of the Colorado guidance by codifying that in this bill. So, what is that guidance? Current law requires DOD aircraft to be able to fly at a minimum of 2,000 feet above designated wilderness areas. However, in Colorado, the terrain conditions make maintaining the 2,000-foot minimum altitude challenging and dangerous. The Colorado guidance","Republican","(1.226, 2.764]",2019,1
590,-0.6,2.8,3.4,1.7057488,14,5,"and to accurately account for risk. This, in turn, allows the financial system to continue to provide low-cost credit to those who need it most. Democrats also want to undermine the CFPB's work to finalize its debt collection rule last fall. This rule was the result of more than 7 years of research, analysis, data collection; and it clarifies the allowable uses of modern communication technology. I think it is a proper update to these long-held consumer protection laws that we have on the books. This bill eliminates this positive step forward. This bill prohibits debt collectors from using 21st century methods of communication to reach consumers. That is insane. That is bad. That goes all against the whole movement post-COVID or in the midst of COVID, that we digitize our communication tools and enable people to do things more cheaply via technology. This bill includes stopping consumers from being","Republican","(1.226, 2.764]",2021,0
591,1.2222222222222223,3.2222222222222223,2,1.349506,14,9,"and others in need. The bill also obligates these third-party refurbishers to offer training programs on the use of the technology being distributed. Those with access to computers and an understanding of how to use technology can enjoy many benefits, but a lack of such access and understanding presents significant challenges. Americans need to be able to conduct online research for a school project, connect with loved ones, or find and keep a steady job. I appreciate Representatives Abigail Spanberger and Rob Wittman for their leadership on this legislation. I encourage my colleagues to help our Nation's veterans and students by supporting H.R. 3544. Mr. Speaker, I reserve the balance of my time.","Republican","(1.226, 2.764]",2021,1
592,3.4,4.6,1.2,2.2008924,14,5,"replacement statue is suitable in weight and dimensions, it will normally take the place of the replaced statue. If not, the Architect of the Capitol will, upon the approval of the Joint Committee on the Library and with the advice of the Commission of Fine Arts as requested, relocate statues within the Capitol. If necessary, after the statue has been unveiled, the Architect of the Capitol will be responsible for moving it to the permanent location approved by the Joint Committee on the Library. Guidelines for Replacement Statues The guidelines below are provided for reference only; they may be modified in particular cases by the Joint Committee on the Library. Images of the one hundred statues now in the collection are available at the Architect of the Capitol website (www.aoc.gov). Subject. The subject of the statue must be a deceased person who was a citizen of the United States and","Republican","(1.226, 2.764]",2021,1
